firstName,lastName,Angles,Breakaway,Five Hole,Gloveside High,Gloveside Low,Stickside High,Stickside Low,Passing,Poise,Poke Check,Puck Playing Frequency,Rebound Control,Recover,Aggressiveness,Agility,Durability,Endurance,Speed,Vision,Deking,Hand-Eye,Puck Control,Defensive Awareness,Faceoffs,Shot Blocking,Stick Checking,Discipline,Offensive Awareness,Acceleration,Balance,Slap Shot Accuracy,Slap Shot Power,Wrist Shot Accuracy,Wrist Shot Power,Body Checking,Fighting Skill,Strength,Make It Snappy,Ankle Breaker,One Tee,Shnipe,Tape To Tape,Third Eye,Yoink!,Big Rig,No Contest,Quick Draw,Quick Pick,Unstoppable Force,It's Tricky,Puck On A String,Big Tipper,Shock And Awe,Seeing Eye,All Alone,Beauty Backhand,Magnetic,Spin-Oama,Stick 'em Up,Send It,Shutdown,Thunder Clap,Back At Ya,Truculence,Wheels,Elite Edges,Heat Seeker,In Reverse,Ice Pack
Jonathan,Bernier,86,85,86,86,87,86,87,86,80,86,88,86,86,87,88,85,85,88,87,,,,,,,,,,,,,,,,,,,,,,,,,,,,,,,,,,,,,,,,,,,,,,,,,,
Brendan,Smith,,,,,,,,78,75,,,,,87,82,85,85,82,,74,74,78,83,55,85,84,70,76,81,85,73,86,74,86,85,75,87,,,,,,,,,,,,,,,,,,,,,,,,,,,,,,,,
Tomas,Tatar,,,,,,,,87,85,,,,,84,89,89,86,89,,88,87,88,85,70,80,86,85,88,89,85,87,87,87,87,84,70,85,,,,,,,,,,,,,,,,,,,,,,,,,,,,,,,,
Erik,Haula,,,,,,,,87,85,,,,,80,88,80,87,90,,88,86,87,83,81,77,83,85,87,90,83,86,88,86,87,78,65,85,,,,,,,,,,,,,,,,,,,,,,,,,,,,,,,,
Ondrej,Palat,,,,,,,,89,85,,,,,80,90,79,86,90,,91,89,88,86,65,80,89,82,88,90,83,86,88,88,87,81,65,84,,,,,,,,,,,,,,,,,,,,,,,,,,,,,,,,
Dougie,Hamilton,,,,,,,,92,85,,,,,84,88,85,90,88,,85,83,91,90,55,88,91,82,92,89,89,87,91,87,90,84,67,88,,,,,,,,,,,,,,,,,,,,,,,,,,,,,,,,
Damon,Severson,,,,,,,,87,85,,,,,87,87,85,87,87,,80,79,87,88,55,88,88,82,87,87,87,80,88,80,87,87,75,87,,,,,,,,,,,,,,,,,,,,,,,,,,,,,,,,
Miles,Wood,,,,,,,,84,80,,,,,90,85,80,85,87,,85,85,84,85,65,83,87,70,84,87,87,83,87,84,87,88,75,87,,,,,,,,,,,,,,,,,,,,,,,,,,,,,,,,
Ryan,Graves,,,,,,,,83,80,,,,,88,84,80,83,85,,75,75,82,87,55,89,88,80,82,85,90,77,88,77,87,88,77,90,,,,,,,,,,,,,,,,,,,,,,,,,,,,,,,,
Vitek,Vanecek,87,87,87,85,87,85,87,81,80,84,80,87,87,87,87,85,85,87,87,,,,,,,,,,,,,,,,,,,,,,,,,,,,,,,,,,,,,,,,,,,,,,,,,,
Jonas,Siegenthaler,,,,,,,,79,70,,,,,90,82,85,85,83,,74,74,77,82,55,88,86,70,76,83,88,73,87,74,87,88,80,88,,,,,,,,,,,,,,,,,,,,,,,,,,,,,,,,
Mackenzie,Blackwood,87,88,88,88,89,88,89,86,80,85,83,88,88,88,88,85,87,88,88,,,,,,,,,,,,,,,,,,,,,,,,,,,,,,,,,,,,,,,,,,,,,,,,,,
John,Marino,,,,,,,,86,80,,,,,83,88,85,87,87,,84,81,86,86,57,85,88,90,86,87,85,83,87,82,87,83,75,84,,,,,,,,,,,,,,,,,,,,,,,,,,,,,,,,
Jesper,Bratt,,,,,,,,86,80,,,,,75,88,85,85,88,,87,85,86,85,65,80,85,90,86,88,83,85,87,85,87,80,65,83,,,,,,,,,,,,,,,,,,,,,,,,,,,,,,,,
Nathan,Bastian,,,,,,,,82,75,,,,,75,85,83,84,84,,80,80,82,81,65,75,85,80,81,84,87,80,88,80,87,87,70,87,,,,,,,,,,,,,,,,,,,,,,,,,,,,,,,,
Michael,McLeod,,,,,,,,81,75,,,,,85,85,85,85,90,,83,81,81,82,80,78,83,75,81,90,84,81,86,81,86,85,70,84,,,,,,,,,,,,,,,,,,,,,,,,,,,,,,,,
Nico,Hischier,,,,,,,,89,80,,,,,80,90,83,87,90,,90,88,89,87,77,75,87,90,90,90,85,88,87,88,87,80,65,85,,,,,,,,,,,,,,,,,,,,,,,,,,,,,,,,
Jesper,Boqvist,,,,,,,,--,--,,,,,--,--,--,--,--,,--,--,--,--,--,--,--,--,--,--,--,--,--,--,--,--,--,--,,,,,,,,,,,,,,,,,,,,,,,,,,,,,,,,
Fabian,Zetterlund,,,,,,,,--,--,,,,,--,--,--,--,--,,--,--,--,--,--,--,--,--,--,--,--,--,--,--,--,--,--,--,,,,,,,,,,,,,,,,,,,,,,,,,,,,,,,,
Kevin,Bahl,,,,,,,,--,--,,,,,--,--,--,--,--,,--,--,--,--,--,--,--,--,--,--,--,--,--,--,--,--,--,--,,,,,,,,,,,,,,,,,,,,,,,,,,,,,,,,
Akira,Schmid,--,--,--,--,--,--,--,--,--,--,--,--,--,--,--,--,--,--,--,,,,,,,,,,,,,,,,,,,,,,,,,,,,,,,,,,,,,,,,,,,,,,,,,,
Yegor,Sharangovich,,,,,,,,86,80,,,,,85,85,85,85,85,,86,87,86,86,77,77,87,85,86,85,87,86,88,87,87,85,75,87,,,,,,,,,,,,,,,,,,,,,,,,,,,,,,,,
Jack,Hughes,,,,,,,,88,80,,,,,80,92,85,85,90,,93,88,89,86,75,77,87,85,89,92,81,88,87,88,87,75,65,81,,,,,,,,,,,,,,,,,,,,,,,,,,,,,,,,
Dawson,Mercer,,,,,,,,--,--,,,,,--,--,--,--,--,,--,--,--,--,--,--,--,--,--,--,--,--,--,--,--,--,--,--,,,,,,,,,,,,,,,,,,,,,,,,,,,,,,,,
Cal,Clutterbuck,,,,,,,,81,80,,,,,90,85,85,85,85,,83,82,82,83,65,83,85,75,80,85,87,81,86,81,86,90,80,87,,,,,,,,,,,,,,,,,,,,,,,,,,,,,,,,
Jean-Gabriel,Pageau,,,,,,,,86,85,,,,,80,88,85,85,88,,88,85,87,87,85,77,86,85,86,88,83,85,87,85,87,80,65,83,,,,,,,,,,,,,,,,,,,,,,,,,,,,,,,,
Oliver,Wahlstrom,,,,,,,,86,80,,,,,83,87,85,85,87,,88,87,86,83,65,75,82,82,86,87,85,87,88,87,88,83,65,85,,,,,,,,,,,,,,,,,,,,,,,,,,,,,,,,
Zach,Parise,,,,,,,,84,80,,,,,80,85,82,85,86,,85,84,84,85,65,80,87,90,85,85,85,84,86,84,86,80,75,85,,,,,,,,,,,,,,,,,,,,,,,,,,,,,,,,
Semyon,Varlamov,89,89,88,87,89,87,89,85,85,87,80,89,89,89,90,85,88,90,90,,,,,,,,,,,,,,,,,,,,,,,,,,,,,,,,,,,,,,,,,,,,,,,,,,
Josh,Bailey,,,,,,,,88,85,,,,,83,87,85,85,87,,88,86,88,87,79,80,87,90,88,87,86,86,87,86,87,83,70,86,,,,,,,,,,,,,,,,,,,,,,,,,,,,,,,,
Kyle,Palmieri,,,,,,,,86,80,,,,,85,87,85,87,87,,86,87,86,86,65,82,87,83,86,87,85,85,88,86,87,85,70,85,,,,,,,,,,,,,,,,,,,,,,,,,,,,,,,,
Casey,Cizikas,,,,,,,,82,80,,,,,85,87,83,85,87,,85,83,83,87,77,87,88,90,82,87,84,82,86,82,86,85,70,85,,,,,,,,,,,,,,,,,,,,,,,,,,,,,,,,
Anders,Lee,,,,,,,,86,85,,,,,88,85,85,87,85,,85,90,87,87,78,83,88,75,87,85,90,87,90,88,90,89,80,90,,,,,,,,,,,,,,,,,,,,,,,,,,,,,,,,
Brock,Nelson,,,,,,,,87,80,,,,,87,87,90,87,87,,88,88,88,87,76,80,87,75,87,87,88,87,88,88,88,87,80,88,,,,,,,,,,,,,,,,,,,,,,,,,,,,,,,,
Scott,Mayfield,,,,,,,,82,80,,,,,88,82,85,87,82,,77,77,80,86,55,88,88,75,80,82,89,76,87,76,87,89,83,90,,,,,,,,,,,,,,,,,,,,,,,,,,,,,,,,
Adam,Pelech,,,,,,,,85,85,,,,,88,85,85,90,86,,75,78,84,91,55,90,92,80,84,85,88,78,88,79,87,88,78,88,,,,,,,,,,,,,,,,,,,,,,,,,,,,,,,,
Hudson,Fasching,,,,,,,,--,--,,,,,--,--,--,--,--,,--,--,--,--,--,--,--,--,--,--,--,--,--,--,--,--,--,--,,,,,,,,,,,,,,,,,,,,,,,,,,,,,,,,
Bo,Horvat,,,,,,,,88,85,,,,,87,87,88,89,87,,87,87,88,88,88,85,90,85,88,87,88,87,88,88,87,88,75,88,,,,,,,,,,,,,,,,,,,,,,,,,,,,,,,,
Ryan,Pulock,,,,,,,,85,80,,,,,85,85,85,90,86,,82,78,85,91,55,90,90,90,85,85,88,78,90,80,90,88,75,88,,,,,,,,,,,,,,,,,,,,,,,,,,,,,,,,
Ross,Johnston,,,,,,,,78,75,,,,,90,80,90,80,80,,74,77,78,80,65,79,86,60,79,80,89,76,85,77,85,90,87,90,,,,,,,,,,,,,,,,,,,,,,,,,,,,,,,,
Ilya,Sorokin,87,87,87,85,87,86,87,80,80,80,80,87,87,86,87,85,85,87,86,,,,,,,,,,,,,,,,,,,,,,,,,,,,,,,,,,,,,,,,,,,,,,,,,,
Mathew,Barzal,,,,,,,,93,90,,,,,80,90,90,88,94,,94,92,93,88,77,77,88,85,93,93,84,89,87,91,88,80,65,84,,,,,,,,,,,,,,,,,,,,,,,,,,,,,,,,
Parker,Wotherspoon,,,,,,,,--,--,,,,,--,--,--,--,--,,--,--,--,--,--,--,--,--,--,--,--,--,--,--,--,--,--,--,,,,,,,,,,,,,,,,,,,,,,,,,,,,,,,,
Otto,Koivula,,,,,,,,--,--,,,,,--,--,--,--,--,,--,--,--,--,--,--,--,--,--,--,--,--,--,--,--,--,--,--,,,,,,,,,,,,,,,,,,,,,,,,,,,,,,,,
Sebastian,Aho,,,,,,,,93,85,,,,,81,89,89,89,89,,92,91,92,90,81,87,92,85,92,89,85,91,89,91,88,82,65,84,,,,,,,,,,,,,,,,,,,,,,,,,,,,,,,,
Arnaud,Durandeau,,,,,,,,--,--,,,,,--,--,--,--,--,,--,--,--,--,--,--,--,--,--,--,--,--,--,--,--,--,--,--,,,,,,,,,,,,,,,,,,,,,,,,,,,,,,,,
Noah,Dobson,,,,,,,,85,80,,,,,85,85,85,87,86,,81,79,85,86,55,87,88,80,85,86,87,79,88,81,87,87,75,87,,,,,,,,,,,,,,,,,,,,,,,,,,,,,,,,
Alexander,Romanov,,,,,,,,82,75,,,,,85,86,85,88,87,,80,77,81,84,55,87,86,80,81,87,86,78,88,78,87,87,69,86,,,,,,,,,,,,,,,,,,,,,,,,,,,,,,,,
Simon,Holmstrom,,,,,,,,--,--,,,,,--,--,--,--,--,,--,--,--,--,--,--,--,--,--,--,--,--,--,--,--,--,--,--,,,,,,,,,,,,,,,,,,,,,,,,,,,,,,,,
Jaroslav,Halak,86,85,84,86,86,85,87,80,85,83,80,85,86,86,85,83,83,85,86,,,,,,,,,,,,,,,,,,,,,,,,,,,,,,,,,,,,,,,,,,,,,,,,,,
Chris,Kreider,,,,,,,,85,80,,,,,87,85,85,87,89,,87,87,86,86,75,82,88,80,87,87,90,87,88,87,88,88,80,90,,,,,,,,,,,,,,,,,,,,,,,,,,,,,,,,
Vladimir,Tarasenko,,,,,,,,90,85,,,,,82,90,75,87,90,,90,90,90,87,60,80,88,88,90,90,87,90,91,90,90,82,65,87,,,,,,,,,,,,,,,,,,,,,,,,,,,,,,,,
Vincent,Trocheck,,,,,,,,89,80,,,,,85,88,80,87,88,,90,88,88,89,87,83,89,84,89,88,86,89,87,89,87,84,65,35,,,,,,,,,,,,,,,,,,,,,,,,,,,,,,,,
Mika,Zibanejad,,,,,,,,90,85,,,,,85,90,89,90,90,,90,89,90,87,77,83,90,88,90,90,87,87,88,88,88,85,75,88,,,,,,,,,,,,,,,,,,,,,,,,,,,,,,,,
Barclay,Goodrow,,,,,,,,82,85,,,,,89,84,85,85,85,,82,82,82,84,75,86,89,70,82,85,88,82,87,82,87,89,78,89,,,,,,,,,,,,,,,,,,,,,,,,,,,,,,,,
Jacob,Trouba,,,,,,,,85,85,,,,,89,86,85,88,86,,78,79,85,89,55,89,89,75,87,85,89,81,88,82,87,89,70,89,,,,,,,,,,,,,,,,,,,,,,,,,,,,,,,,
Jimmy,Vesey,,,,,,,,--,--,,,,,--,--,--,--,--,,--,--,--,--,--,--,--,--,--,--,--,--,--,--,--,--,--,--,,,,,,,,,,,,,,,,,,,,,,,,,,,,,,,,
Ben,Harpur,,,,,,,,80,75,,,,,88,83,85,85,83,,75,75,75,81,55,85,85,75,74,83,88,75,87,75,86,87,80,88,,,,,,,,,,,,,,,,,,,,,,,,,,,,,,,,
Igor,Shesterkin,89,88,89,87,89,89,89,83,80,85,80,88,89,88,90,85,88,90,88,,,,,,,,,,,,,,,,,,,,,,,,,,,,,,,,,,,,,,,,,,,,,,,,,,
Artemi,Panarin,,,,,,,,94,90,,,,,74,93,88,89,92,,96,94,94,89,65,80,93,85,95,92,85,93,88,93,91,78,65,84,true,true,true,true,true,true,,,,,,,,,,,,,,,,,,,,,,,,,,
Niko,Mikkola,,,,,,,,80,70,,,,,85,83,85,83,83,,75,75,80,80,55,85,85,80,75,83,87,75,87,75,86,85,70,87,,,,,,,,,,,,,,,,,,,,,,,,,,,,,,,,
Adam,Fox,,,,,,,,93,85,,,,,82,90,85,87,90,,92,84,92,90,55,87,90,85,92,90,85,84,88,84,87,82,70,85,,,,,,,,,,,,,,,,,,,,,,,,,,,,,,,,
Ryan,Lindgren,,,,,,,,80,80,,,,,85,86,85,87,87,,80,77,80,88,55,88,88,70,80,87,85,77,87,77,87,87,75,87,,,,,,,,,,,,,,,,,,,,,,,,,,,,,,,,
Jake,Leschyshyn,,,,,,,,--,--,,,,,--,--,--,--,--,,--,--,--,--,--,--,--,--,--,--,--,--,--,--,--,--,--,--,,,,,,,,,,,,,,,,,,,,,,,,,,,,,,,,
Filip,Chytil,,,,,,,,86,80,,,,,80,89,85,85,90,,87,85,86,85,73,80,85,83,86,90,86,85,87,85,87,80,70,87,,,,,,,,,,,,,,,,,,,,,,,,,,,,,,,,
Kaapo,Kakko,,,,,,,,85,80,,,,,86,86,85,85,86,,87,85,85,83,65,79,85,70,85,86,87,84,88,85,88,84,70,86,,,,,,,,,,,,,,,,,,,,,,,,,,,,,,,,
Braden,Schneider,,,,,,,,--,--,,,,,--,--,--,--,--,,--,--,--,--,--,--,--,--,--,--,--,--,--,--,--,--,--,--,,,,,,,,,,,,,,,,,,,,,,,,,,,,,,,,
Cam,Atkinson,,,,,,,,88,85,,,,,78,91,85,85,90,,90,88,88,88,67,81,86,90,88,90,83,86,87,87,87,80,65,83,,,,,,,,,,,,,,,,,,,,,,,,,,,,,,,,
Ryan,Ellis,,,,,,,,89,85,,,,,85,89,87,93,88,,88,82,89,89,55,88,89,85,89,89,86,82,89,82,88,85,70,87,,,,,,,,,,,,,,,,,,,,,,,,,,,,,,,,
Sean,Couturier,,,,,,,,90,85,,,,,85,89,89,91,88,,88,89,91,93,89,88,93,83,91,87,89,89,89,89,89,87,70,89,,,,,,,,,,,,,,,,,,,,,,,,,,,,,,,,
Travis,Konecny,,,,,,,,89,85,,,,,87,88,89,85,88,,90,87,90,87,70,83,88,80,89,88,84,87,86,89,86,84,65,84,,,,,,,,,,,,,,,,,,,,,,,,,,,,,,,,
Tanner,Laczynski,,,,,,,,--,--,,,,,--,--,--,--,--,,--,--,--,--,--,--,--,--,--,--,--,--,--,--,--,--,--,--,,,,,,,,,,,,,,,,,,,,,,,,,,,,,,,,
Justin,Braun,,,,,,,,82,80,,,,,84,85,80,85,85,,82,78,82,85,55,88,87,90,80,85,87,78,86,78,86,85,70,87,,,,,,,,,,,,,,,,,,,,,,,,,,,,,,,,
Nicolas,Deslauriers,,,,,,,,81,80,,,,,91,82,87,82,82,,76,80,81,83,65,86,88,65,80,81,88,79,86,80,86,90,92,90,,,,,,,,,,,,,,,,,,,,,,,,,,,,,,,,
Nick,Seeler,,,,,,,,--,--,,,,,--,--,--,--,--,,--,--,--,--,--,--,--,--,--,--,--,--,--,--,--,--,--,--,,,,,,,,,,,,,,,,,,,,,,,,,,,,,,,,
Scott,Laughton,,,,,,,,84,80,,,,,87,84,90,86,84,,83,84,84,87,80,85,88,75,85,84,87,84,87,84,87,87,78,87,,,,,,,,,,,,,,,,,,,,,,,,,,,,,,,,
Rasmus,Ristolainen,,,,,,,,88,85,,,,,87,87,85,88,87,,83,80,88,86,55,87,88,80,88,87,90,80,89,80,88,87,80,90,,,,,,,,,,,,,,,,,,,,,,,,,,,,,,,,
Travis,Sanheim,,,,,,,,86,80,,,,,85,86,85,88,87,,82,80,86,87,55,87,88,82,85,86,88,80,88,80,87,87,75,88,,,,,,,,,,,,,,,,,,,,,,,,,,,,,,,,
Tony,DeAngelo,,,,,,,,87,80,,,,,85,88,85,85,90,,88,84,87,83,60,85,83,80,86,90,84,81,88,81,88,85,80,85,,,,,,,,,,,,,,,,,,,,,,,,,,,,,,,,
Felix,Sandstrom,--,--,--,--,--,--,--,--,--,--,--,--,--,--,--,--,--,--,--,,,,,,,,,,,,,,,,,,,,,,,,,,,,,,,,,,,,,,,,,,,,,,,,,,
Ivan,Provorov,,,,,,,,88,85,,,,,85,87,90,94,87,,86,83,88,88,55,88,88,83,87,88,87,83,88,84,88,85,75,87,,,,,,,,,,,,,,,,,,,,,,,,,,,,,,,,
Kieffer,Bellows,,,,,,,,82,75,,,,,87,85,85,84,86,,85,83,83,81,67,75,85,75,82,86,87,82,87,82,87,87,75,87,,,,,,,,,,,,,,,,,,,,,,,,,,,,,,,,
Carter,Hart,88,87,85,85,86,85,86,83,80,81,80,86,86,87,90,85,85,91,87,,,,,,,,,,,,,,,,,,,,,,,,,,,,,,,,,,,,,,,,,,,,,,,,,,
Owen,Tippett,,,,,,,,82,75,,,,,83,84,85,84,86,,83,83,82,80,65,75,82,85,83,86,86,82,87,82,87,82,70,86,,,,,,,,,,,,,,,,,,,,,,,,,,,,,,,,
Morgan,Frost,,,,,,,,--,--,,,,,--,--,--,--,--,,--,--,--,--,--,--,--,--,--,--,--,--,--,--,--,--,--,--,,,,,,,,,,,,,,,,,,,,,,,,,,,,,,,,
Joel,Farabee,,,,,,,,88,80,,,,,85,87,85,85,87,,87,86,87,86,65,81,87,80,88,87,85,86,87,87,87,86,75,86,,,,,,,,,,,,,,,,,,,,,,,,,,,,,,,,
Cam,York,,,,,,,,--,--,,,,,--,--,--,--,--,,--,--,--,--,--,--,--,--,--,--,--,--,--,--,--,--,--,--,,,,,,,,,,,,,,,,,,,,,,,,,,,,,,,,
Jeff,Carter,,,,,,,,85,85,,,,,85,86,80,84,87,,85,85,85,85,77,79,85,80,85,87,87,84,90,84,90,85,75,88,,,,,,,,,,,,,,,,,,,,,,,,,,,,,,,,
Kris,Letang,,,,,,,,90,90,,,,,85,89,80,90,89,,85,84,90,90,55,88,90,80,90,89,85,82,90,83,89,87,75,85,,,,,,,,,,,,,,,,,,,,,,,,,,,,,,,,
Jeff,Petry,,,,,,,,89,85,,,,,85,87,85,88,87,,80,81,89,90,55,89,91,83,89,87,88,81,88,81,87,88,75,88,,,,,,,,,,,,,,,,,,,,,,,,,,,,,,,,
Brian,Dumoulin,,,,,,,,83,85,,,,,85,85,87,88,85,,79,75,82,87,55,87,87,85,83,85,87,76,87,77,87,87,75,87,,,,,,,,,,,,,,,,,,,,,,,,,,,,,,,,
Jason,Zucker,,,,,,,,87,80,,,,,83,88,89,87,88,,88,87,87,86,65,81,85,85,87,88,85,86,87,87,87,83,70,85,,,,,,,,,,,,,,,,,,,,,,,,,,,,,,,,
Bryan,Rust,,,,,,,,87,85,,,,,84,87,85,87,88,,87,87,87,87,65,83,87,87,88,88,85,87,88,87,87,84,70,85,,,,,,,,,,,,,,,,,,,,,,,,,,,,,,,,
Rickard,Rakell,,,,,,,,90,85,,,,,82,89,83,88,89,,89,89,90,86,67,84,85,90,89,89,88,87,87,88,87,83,65,87,,,,,,,,,,,,,,,,,,,,,,,,,,,,,,,,
Teddy,Blueger,,,,,,,,85,80,,,,,84,87,90,83,87,,85,85,85,85,75,78,85,80,85,87,85,84,87,84,87,84,70,85,,,,,,,,,,,,,,,,,,,,,,,,,,,,,,,,
Brock,McGinn,,,,,,,,83,80,,,,,87,86,85,85,86,,85,85,83,83,67,82,85,80,83,86,85,82,86,84,85,86,75,85,,,,,,,,,,,,,,,,,,,,,,,,,,,,,,,,
Chad,Ruhwedel,,,,,,,,81,75,,,,,83,86,80,88,86,,82,77,81,84,55,85,85,85,80,86,85,76,87,77,86,83,65,85,,,,,,,,,,,,,,,,,,,,,,,,,,,,,,,,
Jake,Guentzel,,,,,,,,90,90,,,,,83,88,90,89,89,,88,88,89,88,70,84,89,83,91,88,85,89,88,90,88,83,65,84,,,,,,,,,,,,,,,,,,,,,,,,,,,,,,,,
Tristan,Jarry,89,89,86,84,86,84,86,85,80,85,85,86,86,88,89,83,88,89,89,,,,,,,,,,,,,,,,,,,,,,,,,,,,,,,,,,,,,,,,,,,,,,,,,,
Marcus,Pettersson,,,,,,,,83,80,,,,,83,85,90,87,85,,79,78,83,86,5,87,87,80,83,85,87,77,87,77,87,84,70,87,,,,,,,,,,,,,,,,,,,,,,,,,,,,,,,,
Mark,Friedman,,,,,,,,80,70,,,,,82,85,85,85,86,,82,78,80,80,55,84,83,83,80,86,83,75,86,75,85,83,70,83,,,,,,,,,,,,,,,,,,,,,,,,,,,,,,,,
Danton,Heinen,,,,,,,,84,80,,,,,80,87,89,85,87,,83,83,83,83,70,82,83,80,83,87,85,83,86,83,86,84,75,85,,,,,,,,,,,,,,,,,,,,,,,,,,,,,,,,
Casey,DeSmith,87,86,86,85,87,85,87,84,75,84,80,87,86,86,87,80,85,87,86,,,,,,,,,,,,,,,,,,,,,,,,,,,,,,,,,,,,,,,,,,,,,,,,,,
Pierre-Olivier,Joseph,,,,,,,,--,--,,,,,--,--,--,--,--,,--,--,--,--,--,--,--,--,--,--,--,--,--,--,--,--,--,--,,,,,,,,,,,,,,,,,,,,,,,,,,,,,,,,
Ryan,Poehling,,,,,,,,--,--,,,,,--,--,--,--,--,,--,--,--,--,--,--,--,--,--,--,--,--,--,--,--,--,--,--,,,,,,,,,,,,,,,,,,,,,,,,,,,,,,,,
Jan,Rutta,,,,,,,,82,80,,,,,85,84,88,87,84,,80,82,81,85,55,87,87,80,81,84,87,78,87,78,87,87,70,87,,,,,,,,,,,,,,,,,,,,,,,,,,,,,,,,
Vinni,Lettieri,,,,,,,,--,--,,,,,--,--,--,--,--,,--,--,--,--,--,--,--,--,--,--,--,--,--,--,--,--,--,--,,,,,,,,,,,,,,,,,,,,,,,,,,,,,,,,
Anton,Stralman,,,,,,,,84,80,,,,,83,85,79,85,85,,80,78,82,87,55,88,87,90,82,85,85,78,87,78,87,84,70,85,,,,,,,,,,,,,,,,,,,,,,,,,,,,,,,,
Patrice,Bergeron,,,,,,,,92,95,,,,,80,88,80,87,88,,92,92,91,95,95,89,95,87,92,88,89,88,89,87,89,85,70,88,,,,,,,true,true,true,true,true,true,,,,,,,,,,,,,,,,,,,,
Brad,Marchand,,,,,,,,93,95,,,,,92,89,88,87,88,,92,93,93,91,74,86,91,70,93,88,87,93,88,94,88,89,80,87,true,true,,,true,true,true,,,,true,,,,,,,,,,,,,,,,,,,,,
Nick,Foligno,,,,,,,,83,85,,,,,88,85,85,85,85,,84,84,83,87,80,85,87,75,83,85,88,83,87,84,87,88,80,88,,,,,,,,,,,,,,,,,,,,,,,,,,,,,,,,
Dmitry,Orlov,,,,,,,,87,85,,,,,84,87,90,92,88,,87,80,85,87,55,87,87,85,85,88,87,80,88,80,88,87,65,87,,,,,,,,,,,,,,,,,,,,,,,,,,,,,,,,
Charlie,Coyle,,,,,,,,83,80,,,,,86,85,85,85,85,,85,84,83,84,75,82,86,80,83,85,90,83,89,84,88,87,80,90,,,,,,,,,,,,,,,,,,,,,,,,,,,,,,,,
Derek,Forbort,,,,,,,,81,80,,,,,87,82,85,88,84,,75,75,80,85,55,89,87,75,80,83,88,75,87,76,87,88,80,88,,,,,,,,,,,,,,,,,,,,,,,,,,,,,,,,
Taylor,Hall,,,,,,,,87,80,,,,,85,90,80,85,93,,89,90,89,86,70,80,87,84,91,92,88,89,90,89,91,86,70,88,,,,,,,,,,,,,,,,,,,,,,,,,,,,,,,,
Hampus,Lindholm,,,,,,,,89,85,,,,,83,88,85,90,88,,85,80,88,88,55,90,90,83,86,88,87,80,87,81,87,84,70,87,,,,,,,,,,,,,,,,,,,,,,,,,,,,,,,,
Matt,Grzelcyk,,,,,,,,86,80,,,,,82,90,82,35,90,,90,80,86,86,55,87,88,90,86,90,83,78,87,79,87,81,65,83,,,,,,,,,,,,,,,,,,,,,,,,,,,,,,,,
Linus,Ullmark,88,88,88,87,88,87,88,83,80,84,80,88,88,87,89,85,87,89,88,,,,,,,,,,,,,,,,,,,,,,,,,,,,,,,,,,,,,,,,,,,,,,,,,,
Connor,Clifton,,,,,,,,80,75,,,,,83,86,85,85,86,,82,77,80,85,55,84,85,80,80,87,84,76,87,77,85,83,70,84,,,,,,,,,,,,,,,,,,,,,,,,,,,,,,,,
Garnet,Hathaway,,,,,,,,82,80,,,,,90,83,85,83,83,,82,32,82,83,65,84,88,70,82,83,88,82,87,82,87,90,82,88,,,,,,,,,,,,,,,,,,,,,,,,,,,,,,,,
Tomas,Nosek,,,,,,,,80,80,,,,,85,85,85,84,86,,82,82,80,81,81,83,85,87,80,85,87,80,86,81,86,87,70,87,,,,,,,,,,,,,,,,,,,,,,,,,,,,,,,,
David,Pastrnak,,,,,,,,95,90,,,,,80,93,82,87,93,,95,94,95,88,65,81,87,83,95,93,86,94,89,95,88,80,65,86,,true,true,true,true,,,,,,,,true,true,,,,,,,,,,,,,,,,,,
Pavel,Zacha,,,,,,,,87,80,,,,,87,85,85,88,85,,85,87,87,86,77,82,88,80,86,85,89,87,88,87,88,87,75,89,,,,,,,,,,,,,,,,,,,,,,,,,,,,,,,,
Jakub,Zboril,,,,,,,,--,--,,,,,--,--,--,--,--,,--,--,--,--,--,--,--,--,--,--,--,--,--,--,--,--,--,--,,,,,,,,,,,,,,,,,,,,,,,,,,,,,,,,
A.J.,Greer,,,,,,,,--,--,,,,,--,--,--,--,--,,--,--,--,--,--,--,--,--,--,--,--,--,--,--,--,--,--,--,,,,,,,,,,,,,,,,,,,,,,,,,,,,,,,,
Brandon,Carlo,,,,,,,,80,80,,,,,88,84,85,88,85,,78,75,80,86,55,91,89,75,80,84,91,75,88,75,86,90,80,91,,,,,,,,,,,,,,,,,,,,,,,,,,,,,,,,
Jake,DeBrusk,,,,,,,,87,80,,,,,80,87,82,83,87,,87,87,87,82,65,82,85,80,85,87,86,85,88,87,87,85,70,85,,,,,,,,,,,,,,,,,,,,,,,,,,,,,,,,
Charlie,McAvoy,,,,,,,,88,85,,,,,85,88,85,90,88,,85,80,88,91,55,88,91,80,88,88,87,82,88,83,87,87,75,87,,,,,,,,,,,,,,,,,,,,,,,,,,,,,,,,
Trent,Frederic,,,,,,,,81,75,,,,,90,84,85,83,85,,80,81,81,83,79,81,87,67,80,85,89,80,87,81,87,89,80,89,,,,,,,,,,,,,,,,,,,,,,,,,,,,,,,,
Jeremy,Swayman,85,84,85,85,86,84,86,82,75,80,80,85,86,84,87,80,83,87,84,,,,,,,,,,,,,,,,,,,,,,,,,,,,,,,,,,,,,,,,,,,,,,,,,,
Alex,Tuch,,,,,,,,86,85,,,,,85,85,85,85,86,,86,86,86,86,67,83,87,85,86,85,90,86,88,86,88,87,70,90,,,,,,,,,,,,,,,,,,,,,,,,,,,,,,,,
Craig,Anderson,86,84,85,86,86,85,86,84,80,83,82,86,86,80,84,75,80,84,84,,,,,,,,,,,,,,,,,,,,,,,,,,,,,,,,,,,,,,,,,,,,,,,,,,
Kyle,Okposo,,,,,,,,81,75,,,,,84,84,80,85,85,,83,81,81,82,70,80,83,84,81,84,87,81,86,81,86,84,80,87,,,,,,,,,,,,,,,,,,,,,,,,,,,,,,,,
Jeff,Skinner,,,,,,,,82,75,,,,,80,90,85,85,88,,85,85,84,83,78,75,82,85,83,90,85,84,87,84,87,80,65,84,,,,,,,,,,,,,,,,,,,,,,,,,,,,,,,,
Zemgus,Girgensons,,,,,,,,83,80,,,,,85,85,80,85,87,,83,83,83,84,75,84,85,85,83,85,85,83,85,83,85,85,75,85,,,,,,,,,,,,,,,,,,,,,,,,,,,,,,,,
Vinnie,Hinostroza,,,,,,,,86,80,,,,,78,88,85,84,88,,88,85,86,84,72,77,84,87,86,88,81,85,85,85,85,75,65,81,,,,,,,,,,,,,,,,,,,,,,,,,,,,,,,,
Eric,Comrie,85,85,84,83,84,83,84,86,75,85,85,85,85,85,88,85,84,88,85,,,,,,,,,,,,,,,,,,,,,,,,,,,,,,,,,,,,,,,,,,,,,,,,,,
Victor,Olofsson,,,,,,,,87,85,,,,,80,88,83,87,89,,88,90,89,86,70,75,88,80,89,89,85,89,90,90,90,80,69,84,,,,,,,,,,,,,,,,,,,,,,,,,,,,,,,,
Rasmus,Asplund,,,,,,,,83,75,,,,,80,87,85,84,88,,85,82,82,83,74,77,83,90,82,88,84,83,86,83,86,80,60,84,,,,,,,,,,,,,,,,,,,,,,,,,,,,,,,,
Kale,Clague,,,,,,,,--,--,,,,,--,--,--,--,--,,--,--,--,--,--,--,--,--,--,--,--,--,--,--,--,--,--,--,,,,,,,,,,,,,,,,,,,,,,,,,,,,,,,,
Tyson,Jost,,,,,,,,85,80,,,,,85,86,87,85,86,,85,85,85,83,75,85,87,83,84,86,85,84,85,84,85,85,70,85,,,,,,,,,,,,,,,,,,,,,,,,,,,,,,,,
Tage,Thompson,,,,,,,,81,75,,,,,84,83,85,83,83,,82,80,80,80,70,78,82,82,82,82,88,81,87,81,86,84,72,88,,,,,,,,,,,,,,,,,,,,,,,,,,,,,,,,
Casey,Mittelstadt,,,,,,,,84,70,,,,,80,87,85,85,87,,85,84,84,80,72,75,81,85,82,87,83,84,86,84,85,80,65,84,,,,,,,,,,,,,,,,,,,,,,,,,,,,,,,,
Henri,Jokiharju,,,,,,,,84,75,,,,,85,87,85,85,87,,85,79,83,84,55,86,86,84,80,87,85,77,87,78,87,85,65,85,,,,,,,,,,,,,,,,,,,,,,,,,,,,,,,,
Ukko-Pekka,Luukkonen,--,--,--,--,--,--,--,--,--,--,--,--,--,--,--,--,--,--,--,,,,,,,,,,,,,,,,,,,,,,,,,,,,,,,,,,,,,,,,,,,,,,,,,,
Jacob,Bryson,,,,,,,,83,70,,,,,75,87,85,84,87,,85,78,82,81,55,84,81,85,80,87,82,78,85,79,85,75,65,82,,,,,,,,,,,,,,,,,,,,,,,,,,,,,,,,
Mattias,Samuelsson,,,,,,,,--,--,,,,,--,--,--,--,--,,--,--,--,--,--,--,--,--,--,--,--,--,--,--,--,--,--,--,,,,,,,,,,,,,,,,,,,,,,,,,,,,,,,,
Rasmus,Dahlin,,,,,,,,89,85,,,,,84,87,85,88,87,,85,85,88,88,55,88,89,85,88,87,87,82,89,82,88,84,70,87,,,,,,,,,,,,,,,,,,,,,,,,,,,,,,,,
Ilya,Lyubushkin,,,,,,,,79,80,,,,,83,82,85,85,83,,75,74,80,84,55,87,86,85,80,83,86,74,86,74,85,85,70,86,,,,,,,,,,,,,,,,,,,,,,,,,,,,,,,,
Dylan,Cozens,,,,,,,,86,80,,,,,83,87,85,84,87,,87,86,86,86,76,75,86,85,86,87,85,85,87,86,86,83,70,85,,,,,,,,,,,,,,,,,,,,,,,,,,,,,,,,
Jack,Quinn,,,,,,,,--,--,,,,,--,--,--,--,--,,--,--,--,--,--,--,--,--,--,--,--,--,--,--,--,--,--,--,,,,,,,,,,,,,,,,,,,,,,,,,,,,,,,,
JJ,Peterka,,,,,,,,--,--,,,,,--,--,--,--,--,,--,--,--,--,--,--,--,--,--,--,--,--,--,--,--,--,--,--,,,,,,,,,,,,,,,,,,,,,,,,,,,,,,,,
Chris,Wideman,,,,,,,,83,75,,,,,83,88,83,83,87,,84,81,83,82,55,85,85,90,80,88,83,80,87,80,86,81,70,83,,,,,,,,,,,,,,,,,,,,,,,,,,,,,,,,
Brendan,Gallagher,,,,,,,,87,85,,,,,89,88,80,86,86,,88,88,88,87,67,84,88,84,89,85,87,88,87,88,87,87,75,85,,,,,,,,,,,,,,,,,,,,,,,,,,,,,,,,
Sean,Monahan,,,,,,,,90,85,,,,,84,87,85,88,87,,89,89,90,85,79,86,89,85,89,87,88,87,89,88,88,85,70,89,,,,,,,,,,,,,,,,,,,,,,,,,,,,,,,,
Jake,Evans,,,,,,,,81,75,,,,,84,86,85,83,86,,83,81,81,82,79,77,84,80,81,86,84,82,86,82,86,84,65,85,,,,,,,,,,,,,,,,,,,,,,,,,,,,,,,,
Cole,Caufield,,,,,,,,88,75,,,,,75,92,85,83,91,,93,89,89,85,60,73,82,90,89,92,80,88,89,88,87,75,60,80,,,,,,,,,,,,,,,,,,,,,,,,,,,,,,,,
Jake,Allen,87,88,86,86,87,85,87,85,85,85,87,87,86,87,89,85,85,89,87,,,,,,,,,,,,,,,,,,,,,,,,,,,,,,,,,,,,,,,,,,,,,,,,,,
Mike,Hoffman,,,,,,,,87,80,,,,,85,87,85,85,87,,88,88,87,84,70,82,88,85,89,87,86,89,88,89,88,85,65,85,,,,,,,,,,,,,,,,,,,,,,,,,,,,,,,,
David,Savard,,,,,,,,84,80,,,,,87,85,90,90,85,,78,77,84,87,55,89,88,75,83,85,88,75,87,76,86,87,77,88,,,,,,,,,,,,,,,,,,,,,,,,,,,,,,,,
Alex,Belzile,,,,,,,,--,--,,,,,--,--,--,--,--,,--,--,--,--,--,--,--,--,--,--,--,--,--,--,--,--,--,--,,,,,,,,,,,,,,,,,,,,,,,,,,,,,,,,
Joel,Edmundson,,,,,,,,83,80,,,,,88,83,83,88,84,,75,75,81,88,55,88,90,75,80,83,89,76,87,76,87,90,80,90,,,,,,,,,,,,,,,,,,,,,,,,,,,,,,,,
Joel,Armia,,,,,,,,83,80,,,,,83,86,80,85,87,,84,83,83,85,65,78,85,85,84,87,87,82,87,82,87,84,67,88,,,,,,,,,,,,,,,,,,,,,,,,,,,,,,,,
Mike,Matheson,,,,,,,,84,80,,,,,85,86,85,87,86,,80,78,84,84,60,87,86,75,84,86,87,76,87,78,87,87,75,87,,,,,,,,,,,,,,,,,,,,,,,,,,,,,,,,
Chris,Tierney,,,,,,,,84,80,,,,,85,87,89,87,87,,84,84,85,85,77,85,86,90,85,87,86,83,86,84,86,86,70,86,,,,,,,,,,,,,,,,,,,,,,,,,,,,,,,,
Josh,Anderson,,,,,,,,85,80,,,,,90,85,85,87,85,,85,85,85,85,65,82,88,65,86,85,90,85,88,85,88,90,80,90,,,,,,,,,,,,,,,,,,,,,,,,,,,,,,,,
Jonathan,Drouin,,,,,,,,88,80,,,,,80,93,89,87,91,,90,88,89,85,70,72,83,90,88,92,83,87,88,87,87,77,60,83,,,,,,,,,,,,,,,,,,,,,,,,,,,,,,,,
Christian,Dvorak,,,,,,,,85,85,,,,,84,87,83,85,87,,85,86,86,86,83,83,86,85,86,87,85,86,87,86,87,85,75,85,,,,,,,,,,,,,,,,,,,,,,,,,,,,,,,,
Sam,Montembeault,85,85,84,83,85,82,85,80,75,83,80,85,85,85,85,85,85,85,85,,,,,,,,,,,,,,,,,,,,,,,,,,,,,,,,,,,,,,,,,,,,,,,,,,
Denis,Gurianov,,,,,,,,87,80,,,,,83,88,85,85,90,,88,88,87,85,60,70,85,85,87,90,87,86,89,87,89,83,75,87,,,,,,,,,,,,,,,,,,,,,,,,,,,,,,,,
Rem,Pitlick,,,,,,,,80,70,,,,,83,85,85,83,86,,82,81,80,81,70,75,84,80,81,85,85,80,86,82,85,85,75,85,,,,,,,,,,,,,,,,,,,,,,,,,,,,,,,,
Michael,Pezzetta,,,,,,,,--,--,,,,,--,--,--,--,--,,--,--,--,--,--,--,--,--,--,--,--,--,--,--,--,--,--,--,,,,,,,,,,,,,,,,,,,,,,,,,,,,,,,,
Nick,Suzuki,,,,,,,,90,80,,,,,78,91,85,85,90,,90,88,91,87,75,75,86,85,90,91,83,87,87,88,87,76,65,83,,,,,,,,,,,,,,,,,,,,,,,,,,,,,,,,
Johnathan,Kovacevic,,,,,,,,--,--,,,,,--,--,--,--,--,,--,--,--,--,--,--,--,--,--,--,--,--,--,--,--,--,--,--,,,,,,,,,,,,,,,,,,,,,,,,,,,,,,,,
Jesse,Ylonen,,,,,,,,--,--,,,,,--,--,--,--,--,,--,--,--,--,--,--,--,--,--,--,--,--,--,--,--,--,--,--,,,,,,,,,,,,,,,,,,,,,,,,,,,,,,,,
Rafael,Harvey-Pinard,,,,,,,,--,--,,,,,--,--,--,--,--,,--,--,--,--,--,--,--,--,--,--,--,--,--,--,--,--,--,--,,,,,,,,,,,,,,,,,,,,,,,,,,,,,,,,
Kirby,Dach,,,,,,,,87,75,,,,,84,87,85,84,87,,87,87,87,85,75,77,87,85,87,87,88,86,88,87,87,84,70,88,,,,,,,,,,,,,,,,,,,,,,,,,,,,,,,,
Justin,Barron,,,,,,,,--,--,,,,,--,--,--,--,--,,--,--,--,--,--,--,--,--,--,--,--,--,--,--,--,--,--,--,,,,,,,,,,,,,,,,,,,,,,,,,,,,,,,,
Anton,Forsberg,85,85,83,83,84,83,84,80,75,80,80,84,84,85,86,85,83,86,85,,,,,,,,,,,,,,,,,,,,,,,,,,,,,,,,,,,,,,,,,,,,,,,,,,
Josh,Norris,,,,,,,,87,80,,,,,85,87,85,86,87,,87,87,87,87,81,80,87,80,87,87,87,86,87,87,87,85,70,87,,,,,,,,,,,,,,,,,,,,,,,,,,,,,,,,
Claude,Giroux,,,,,,,,90,85,,,,,82,90,90,90,90,,92,90,90,88,90,80,88,85,90,90,85,90,87,90,86,83,70,84,,,,,,,,,,,,,,,,,,,,,,,,,,,,,,,,
Derick,Brassard,,,,,,,,84,80,,,,,84,85,80,85,86,,84,83,84,84,79,84,87,85,83,86,87,84,87,84,86,85,70,87,,,,,,,,,,,,,,,,,,,,,,,,,,,,,,,,
Nick,Holden,,,,,,,,79,80,,,,,85,83,85,89,83,,75,75,79,84,55,87,87,83,79,83,88,74,87,75,87,85,75,88,,,,,,,,,,,,,,,,,,,,,,,,,,,,,,,,
Cam,Talbot,87,88,86,85,86,85,86,85,80,85,84,85,86,87,86,85,84,86,87,,,,,,,,,,,,,,,,,,,,,,,,,,,,,,,,,,,,,,,,,,,,,,,,,,
Austin,Watson,,,,,,,,80,80,,,,,90,85,89,85,85,,81,81,80,80,65,83,85,65,80,85,88,80,87,81,87,88,75,88,,,,,,,,,,,,,,,,,,,,,,,,,,,,,,,,
Thomas,Chabot,,,,,,,,91,85,,,,,84,88,85,90,88,,84,85,91,91,55,89,90,84,90,88,88,84,90,84,89,86,70,88,,,,,,,,,,,,,,,,,,,,,,,,,,,,,,,,
Mathieu,Joseph,,,,,,,,83,80,,,,,82,87,85,84,87,,83,83,83,84,70,80,85,80,81,87,85,83,87,83,86,84,70,85,,,,,,,,,,,,,,,,,,,,,,,,,,,,,,,,
Jacob,Larsson,,,,,,,,--,--,,,,,--,--,--,--,--,,--,--,--,--,--,--,--,--,--,--,--,--,--,--,--,--,--,--,,,,,,,,,,,,,,,,,,,,,,,,,,,,,,,,
Julien,Gauthier,,,,,,,,80,75,,,,,80,82,85,84,87,,80,80,79,80,65,74,82,85,80,84,90,78,87,80,87,87,75,90,,,,,,,,,,,,,,,,,,,,,,,,,,,,,,,,
Alex,DeBrincat,,,,,,,,92,85,,,,,75,92,90,87,92,,93,93,93,87,65,79,90,95,93,92,82,92,88,93,89,75,67,84,,,,,,,,,,,,,,,,,,,,,,,,,,,,,,,,
Dylan,Gambrell,,,,,,,,--,--,,,,,--,--,--,--,--,,--,--,--,--,--,--,--,--,--,--,--,--,--,--,--,--,--,--,,,,,,,,,,,,,,,,,,,,,,,,,,,,,,,,
Erik,Brannstrom,,,,,,,,--,--,,,,,--,--,--,--,--,,--,--,--,--,--,--,--,--,--,--,--,--,--,--,--,--,--,--,,,,,,,,,,,,,,,,,,,,,,,,,,,,,,,,
Drake,Batherson,,,,,,,,87,80,,,,,83,86,85,85,86,,87,87,87,86,75,78,87,80,87,86,87,86,87,87,87,83,70,87,,,,,,,,,,,,,,,,,,,,,,,,,,,,,,,,
Mark,Kastelic,,,,,,,,--,--,,,,,--,--,--,--,--,,--,--,--,--,--,--,--,--,--,--,--,--,--,--,--,--,--,--,,,,,,,,,,,,,,,,,,,,,,,,,,,,,,,,
Parker,Kelly,,,,,,,,--,--,,,,,--,--,--,--,--,,--,--,--,--,--,--,--,--,--,--,--,--,--,--,--,--,--,--,,,,,,,,,,,,,,,,,,,,,,,,,,,,,,,,
Brady,Tkachuk,,,,,,,,87,80,,,,,91,85,85,85,85,,86,87,87,86,70,82,91,70,88,85,90,86,88,88,88,90,80,90,,,,,,,,,,,,,,,,,,,,,,,,,,,,,,,,
Mads,Sogaard,--,--,--,--,--,--,--,--,--,--,--,--,--,--,--,--,--,--,--,,,,,,,,,,,,,,,,,,,,,,,,,,,,,,,,,,,,,,,,,,,,,,,,,,
Shane,Pinto,,,,,,,,84,75,,,,,87,85,85,85,86,,83,83,83,82,73,80,86,80,83,86,87,83,87,83,87,85,75,87,,,,,,,,,,,,,,,,,,,,,,,,,,,,,,,,
Artem,Zub,,,,,,,,83,80,,,,,86,85,85,87,85,,77,76,82,86,55,87,88,80,82,85,87,78,87,79,87,87,80,87,,,,,,,,,,,,,,,,,,,,,,,,,,,,,,,,
Jake,Muzzin,,,,,,,,88,85,,,,,86,87,88,91,88,,79,80,88,88,55,89,88,82,89,87,87,80,87,82,88,87,80,87,,,,,,,,,,,,,,,,,,,,,,,,,,,,,,,,
Matt,Murray,85,88,86,84,85,84,86,85,85,87,86,85,86,88,88,85,88,88,88,,,,,,,,,,,,,,,,,,,,,,,,,,,,,,,,,,,,,,,,,,,,,,,,,,
Victor,Mete,,,,,,,,82,80,,,,,82,88,85,85,88,,87,80,82,83,55,86,85,90,81,88,83,76,86,79,87,83,67,84,,,,,,,,,,,,,,,,,,,,,,,,,,,,,,,,
Carl,Dahlstrom,,,,,,,,--,--,,,,,--,--,--,--,--,,--,--,--,--,--,--,--,--,--,--,--,--,--,--,--,--,--,--,,,,,,,,,,,,,,,,,,,,,,,,,,,,,,,,
Mark,Giordano,,,,,,,,86,85,,,,,87,85,80,88,85,,82,82,86,90,57,89,90,83,86,85,87,81,88,81,87,89,80,87,,,,,,,,,,,,,,,,,,,,,,,,,,,,,,,,
TJ,Brodie,,,,,,,,85,80,,,,,85,86,85,87,88,,85,80,85,86,55,88,86,83,85,88,85,80,87,80,87,85,70,85,,,,,,,,,,,,,,,,,,,,,,,,,,,,,,,,
Jordie,Benn,,,,,,,,78,80,,,,,88,81,80,85,82,,74,74,78,82,55,88,86,83,76,82,87,70,88,72,86,88,77,87,,,,,,,,,,,,,,,,,,,,,,,,,,,,,,,,
John,Tavares,,,,,,,,91,85,,,,,84,89,90,89,85,,93,90,91,89,87,84,90,86,90,85,88,90,92,90,91,84,70,88,true,,,true,true,,,,,,,,,true,true,,,,,,,,,,,,,,,,,
Calle,Jarnkrok,,,,,,,,87,85,,,,,77,90,87,86,89,,88,87,86,85,78,77,88,88,86,89,80,87,87,88,87,77,65,83,,,,,,,,,,,,,,,,,,,,,,,,,,,,,,,,
Justin,Holl,,,,,,,,83,80,,,,,85,86,90,85,87,,75,76,83,87,55,88,88,70,82,87,87,77,87,79,87,85,80,87,,,,,,,,,,,,,,,,,,,,,,,,,,,,,,,,
Morgan,Rielly,,,,,,,,91,85,,,,,83,90,85,90,90,,90,85,91,89,55,88,91,90,91,90,87,82,88,84,88,85,70,88,,,,,,,,,,,,,,,,,,,,,,,,,,,,,,,,
Alexander,Kerfoot,,,,,,,,86,80,,,,,82,88,85,85,88,,87,86,86,85,75,82,87,85,85,88,82,84,87,84,87,80,65,84,,,,,,,,,,,,,,,,,,,,,,,,,,,,,,,,
William,Nylander,,,,,,,,92,85,,,,,80,92,85,87,90,,91,90,92,85,70,70,87,90,92,90,85,88,87,88,87,75,65,85,,,,,,,,,,,,,,,,,,,,,,,,,,,,,,,,
Michael,Bunting,,,,,,,,82,75,,,,,85,85,85,83,85,,82,82,82,82,67,80,85,80,82,85,85,81,86,82,86,85,70,85,,,,,,,,,,,,,,,,,,,,,,,,,,,,,,,,
Pierre,Engvall,,,,,,,,81,75,,,,,85,86,85,80,86,,81,81,82,82,70,78,85,84,82,86,89,81,88,81,86,88,75,87,,,,,,,,,,,,,,,,,,,,,,,,,,,,,,,,
Mitchell,Marner,,,,,,,,96,90,,,,,82,93,85,87,90,,94,93,95,88,60,79,90,85,95,92,85,92,88,92,88,78,65,84,,,,,,,,,,,,,,,,,,,,,,,,,,,,,,,,
Ilya,Samsonov,88,88,87,86,87,86,87,85,80,84,80,88,87,88,89,80,87,89,88,,,,,,,,,,,,,,,,,,,,,,,,,,,,,,,,,,,,,,,,,,,,,,,,,,
Noel,Acciari,,,,,,,,82,80,,,,,82,84,85,85,84,,82,82,82,86,78,84,87,87,83,84,87,83,87,83,86,85,67,87,,,,,,,,,,,,,,,,,,,,,,,,,,,,,,,,
Joey,Anderson,,,,,,,,--,--,,,,,--,--,--,--,--,,--,--,--,--,--,--,--,--,--,--,--,--,--,--,--,--,--,--,,,,,,,,,,,,,,,,,,,,,,,,,,,,,,,,
Auston,Matthews,,,,,,,,93,90,,,,,80,89,85,88,88,,90,94,94,88,80,81,92,90,96,88,92,94,94,96,93,85,65,90,true,,,,true,true,,,,,,,,true,,true,true,,,,,,,,,,,,,,,
Joseph,Woll,--,--,--,--,--,--,--,--,--,--,--,--,--,--,--,--,--,--,--,,,,,,,,,,,,,,,,,,,,,,,,,,,,,,,,,,,,,,,,,,,,,,,,,,
Zach,Aston-Reese,,,,,,,,82,80,,,,,85,85,76,85,85,,83,82,83,83,70,82,85,80,84,85,87,82,86,82,86,85,70,87,,,,,,,,,,,,,,,,,,,,,,,,,,,,,,,,
Conor,Timmins,,,,,,,,80,70,,,,,83,85,85,83,85,,83,77,80,80,50,84,84,80,80,85,84,77,88,78,87,83,70,84,,,,,,,,,,,,,,,,,,,,,,,,,,,,,,,,
David,Kampf,,,,,,,,82,75,,,,,83,85,84,85,85,,83,82,82,83,81,77,85,83,82,85,85,82,86,82,85,83,68,85,,,,,,,,,,,,,,,,,,,,,,,,,,,,,,,,
Rasmus,Sandin,,,,,,,,85,75,,,,,84,87,85,85,87,,85,81,85,85,60,85,86,83,83,87,85,80,87,80,87,85,70,83,,,,,,,,,,,,,,,,,,,,,,,,,,,,,,,,
Max,Pacioretty,,,,,,,,88,85,,,,,85,88,80,87,88,,88,89,88,85,67,80,89,83,90,88,87,89,90,90,90,85,75,87,,,,,,,,,,,,,,,,,,,,,,,,,,,,,,,,
Ondrej,Kase,,,,,,,,85,80,,,,,81,88,65,84,88,,87,85,85,85,67,79,85,85,85,88,84,85,87,85,86,82,65,84,,,,,,,,,,,,,,,,,,,,,,,,,,,,,,,,
Brent,Burns,,,,,,,,89,85,,,,,88,85,85,88,85,,85,85,89,85,55,87,90,80,89,85,90,82,92,83,92,90,80,90,,,,,,,,,,,,,,,,,,,,,,,,,,,,,,,,
Paul,Stastny,,,,,,,,87,85,,,,,80,83,75,85,85,,84,85,87,86,85,80,87,90,87,85,85,85,87,85,87,80,70,85,,,,,,,,,,,,,,,,,,,,,,,,,,,,,,,,
Jordan,Staal,,,,,,,,85,85,,,,,85,85,79,88,84,,85,85,85,90,91,87,89,80,86,85,90,82,85,84,86,88,75,89,,,,,,,,,,,,,,,,,,,,,,,,,,,,,,,,
Derek,Stepan,,,,,,,,83,75,,,,,83,85,85,88,87,,84,83,83,83,78,84,87,90,83,86,85,82,87,83,87,84,65,86,,,,,,,,,,,,,,,,,,,,,,,,,,,,,,,,
Jesper,Fast,,,,,,,,84,80,,,,,80,89,80,84,89,,88,85,84,83,65,80,85,88,84,89,85,84,87,85,87,75,67,85,,,,,,,,,,,,,,,,,,,,,,,,,,,,,,,,
Frederik,Andersen,89,89,89,88,89,88,89,80,85,85,80,91,89,89,89,85,88,89,90,,,,,,,,,,,,,,,,,,,,,,,,,,,,,,,,,,,,,,,,,,,,,,,,,,
Stefan,Noesen,,,,,,,,--,--,,,,,--,--,--,--,--,,--,--,--,--,--,--,--,--,--,--,--,--,--,--,--,--,--,--,,,,,,,,,,,,,,,,,,,,,,,,,,,,,,,,
Brady,Skjei,,,,,,,,85,80,,,,,85,87,87,88,89,,83,77,85,87,55,88,88,80,85,88,88,78,88,78,87,85,80,88,,,,,,,,,,,,,,,,,,,,,,,,,,,,,,,,
Teuvo,Teravainen,,,,,,,,92,85,,,,,75,92,90,87,91,,93,91,92,87,65,80,86,87,91,92,83,89,88,89,87,78,60,83,,,,,,,,,,,,,,,,,,,,,,,,,,,,,,,,
Jordan,Martinook,,,,,,,,81,80,,,,,86,84,89,85,85,,82,83,81,84,75,84,85,82,81,85,86,81,86,82,85,87,65,86,,,,,,,,,,,,,,,,,,,,,,,,,,,,,,,,
Jaccob,Slavin,,,,,,,,87,85,,,,,85,86,90,90,86,,84,80,87,90,55,90,89,90,87,86,87,80,87,80,87,87,75,87,,,,,,,,,,,,,,,,,,,,,,,,,,,,,,,,
Antti,Raanta,88,88,88,87,87,87,88,83,80,86,83,87,87,86,88,75,84,89,88,,,,,,,,,,,,,,,,,,,,,,,,,,,,,,,,,,,,,,,,,,,,,,,,,,
Brett,Pesce,,,,,,,,86,85,,,,,85,86,85,90,86,,83,77,85,89,55,90,89,83,84,86,88,80,87,80,87,86,65,87,,,,,,,,,,,,,,,,,,,,,,,,,,,,,,,,
Sebastian,Aho,,,,,,,,93,85,,,,,81,89,89,89,89,,92,91,92,90,81,87,92,85,92,89,85,91,89,91,88,82,65,84,,,,,,,,,,,,,,,,,,,,,,,,,,,,,,,,
Jalen,Chatfield,,,,,,,,--,--,,,,,--,--,--,--,--,,--,--,--,--,--,--,--,--,--,--,--,--,--,--,--,--,--,--,,,,,,,,,,,,,,,,,,,,,,,,,,,,,,,,
Dylan,Coghlan,,,,,,,,78,75,,,,,85,84,85,85,85,,75,75,78,82,55,84,81,80,78,85,87,75,87,76,87,85,75,87,,,,,,,,,,,,,,,,,,,,,,,,,,,,,,,,
Martin,Necas,,,,,,,,89,80,,,,,82,90,85,85,90,,89,87,89,86,75,77,86,82,89,90,86,87,87,88,87,83,70,86,,,,,,,,,,,,,,,,,,,,,,,,,,,,,,,,
Jesperi,Kotkaniemi,,,,,,,,87,80,,,,,81,87,85,85,87,,88,86,87,85,75,80,86,85,86,87,86,86,87,86,87,81,65,86,,,,,,,,,,,,,,,,,,,,,,,,,,,,,,,,
Andrei,Svechnikov,,,,,,,,90,80,,,,,85,88,85,85,88,,89,91,91,85,65,80,87,80,91,88,88,91,93,91,92,85,75,88,,,,,,,,,,,,,,,,,,,,,,,,,,,,,,,,
Seth,Jarvis,,,,,,,,--,--,,,,,--,--,--,--,--,,--,--,--,--,--,--,--,--,--,--,--,--,--,--,--,--,--,--,,,,,,,,,,,,,,,,,,,,,,,,,,,,,,,,
Patric,Hornqvist,,,,,,,,87,85,,,,,89,87,82,85,86,,87,89,87,85,65,83,88,80,85,85,88,87,88,88,87,87,70,88,,,,,,,,,,,,,,,,,,,,,,,,,,,,,,,,
Givani,Smith,,,,,,,,79,75,,,,,87,85,85,82,85,,78,80,79,80,70,75,87,70,81,85,87,78,87,79,87,87,82,87,,,,,,,,,,,,,,,,,,,,,,,,,,,,,,,,
Spencer,Knight,85,84,87,85,87,86,86,85,75,84,80,85,88,84,90,80,85,90,84,,,,,,,,,,,,,,,,,,,,,,,,,,,,,,,,,,,,,,,,,,,,,,,,,,
Marc,Staal,,,,,,,,80,80,,,,,84,81,80,87,81,,75,75,78,83,55,86,85,82,78,81,84,77,85,76,85,85,75,85,,,,,,,,,,,,,,,,,,,,,,,,,,,,,,,,
Zac,Dalpe,,,,,,,,--,--,,,,,--,--,--,--,--,,--,--,--,--,--,--,--,--,--,--,--,--,--,--,--,--,--,--,,,,,,,,,,,,,,,,,,,,,,,,,,,,,,,,
Radko,Gudas,,,,,,,,89,80,,,,,91,82,85,85,82,,76,74,78,84,55,88,86,60,78,82,88,74,87,74,87,90,80,88,,,,,,,,,,,,,,,,,,,,,,,,,,,,,,,,
Sergei,Bobrovsky,88,88,88,87,87,86,88,82,90,86,86,86,87,88,90,88,90,90,88,,,,,,,,,,,,,,,,,,,,,,,,,,,,,,,,,,,,,,,,,,,,,,,,,,
Nick,Cousins,,,,,,,,83,80,,,,,82,87,90,84,87,,85,83,83,85,75,78,85,89,85,87,83,83,85,84,85,81,65,83,,,,,,,,,,,,,,,,,,,,,,,,,,,,,,,,
Anthony,Duclair,,,,,,,,86,80,,,,,80,89,89,83,92,,88,87,87,85,65,75,85,82,87,92,84,87,86,87,86,80,68,84,,,,,,,,,,,,,,,,,,,,,,,,,,,,,,,,
Carter,Verhaeghe,,,,,,,,86,80,,,,,85,85,85,85,86,,85,85,86,87,75,81,88,80,87,86,85,86,87,86,86,85,75,85,,,,,,,,,,,,,,,,,,,,,,,,,,,,,,,,
Aleksander,Barkov,,,,,,,,92,90,,,,,85,86,87,88,86,,90,90,92,93,87,89,93,90,92,86,90,89,91,90,90,87,75,90,,,,,,,true,,,,,,true,true,,,,true,true,true,,,,,,,,,,,,
Aaron,Ekblad,,,,,,,,89,85,,,,,87,87,85,90,87,,85,80,88,91,55,89,90,80,89,87,88,81,88,83,88,87,75,88,,,,,,,,,,,,,,,,,,,,,,,,,,,,,,,,
Sam,Reinhart,,,,,,,,90,85,,,,,80,88,85,87,85,,90,88,90,88,77,80,88,95,89,85,85,88,87,88,87,80,65,85,,,,,,,,,,,,,,,,,,,,,,,,,,,,,,,,
Sam,Bennett,,,,,,,,84,80,,,,,90,87,85,85,87,,86,84,83,84,79,85,86,75,84,87,84,83,86,83,85,88,70,84,,,,,,,,,,,,,,,,,,,,,,,,,,,,,,,,
Brandon,Montour,,,,,,,,87,80,,,,,85,87,85,88,87,,84,80,87,86,55,87,86,83,86,87,85,80,87,80,87,85,73,85,,,,,,,,,,,,,,,,,,,,,,,,,,,,,,,,
Gustav,Forsling,,,,,,,,86,80,,,,,82,88,85,85,88,,87,81,86,86,55,84,87,90,86,88,84,80,87,81,87,82,65,84,,,,,,,,,,,,,,,,,,,,,,,,,,,,,,,,
Colin,White,,,,,,,,85,80,,,,,80,87,85,85,87,,85,85,85,84,70,80,84,82,84,87,85,83,86,83,86,83,70,85,,,,,,,,,,,,,,,,,,,,,,,,,,,,,,,,
Ryan,Lomberg,,,,,,,,--,--,,,,,--,--,--,--,--,,--,--,--,--,--,--,--,--,--,--,--,--,--,--,--,--,--,--,,,,,,,,,,,,,,,,,,,,,,,,,,,,,,,,
Alex,Lyon,--,--,--,--,--,--,--,--,--,--,--,--,--,--,--,--,--,--,--,,,,,,,,,,,,,,,,,,,,,,,,,,,,,,,,,,,,,,,,,,,,,,,,,,
Matthew,Tkachuk,,,,,,,,90,85,,,,,91,88,89,88,86,,88,90,90,88,65,84,90,70,90,86,90,90,90,90,90,90,80,90,,,,,,,,,,,,,,,,,,,,,,,,,,,,,,,,
Josh,Mahura,,,,,,,,--,--,,,,,--,--,--,--,--,,--,--,--,--,--,--,--,--,--,--,--,--,--,--,--,--,--,--,,,,,,,,,,,,,,,,,,,,,,,,,,,,,,,,
Casey,Fitzgerald,,,,,,,,--,--,,,,,--,--,--,--,--,,--,--,--,--,--,--,--,--,--,--,--,--,--,--,--,--,--,--,,,,,,,,,,,,,,,,,,,,,,,,,,,,,,,,
Eetu,Luostarinen,,,,,,,,80,75,,,,,83,85,82,82,85,,80,80,80,80,75,77,86,80,77,85,75,79,87,80,85,84,65,87,,,,,,,,,,,,,,,,,,,,,,,,,,,,,,,,
Anton,Lundell,,,,,,,,--,--,,,,,--,--,--,--,--,,--,--,--,--,--,--,--,--,--,--,--,--,--,--,--,--,--,--,,,,,,,,,,,,,,,,,,,,,,,,,,,,,,,,
Corey,Perry,,,,,,,,83,90,,,,,89,81,72,86,81,,82,83,83,85,65,80,88,70,84,81,89,82,88,83,87,89,85,89,,,,,,,,,,,,,,,,,,,,,,,,,,,,,,,,
Brian,Elliott,86,86,85,84,85,84,86,84,80,85,85,85,85,87,87,75,80,87,87,,,,,,,,,,,,,,,,,,,,,,,,,,,,,,,,,,,,,,,,,,,,,,,,,,
Alex,Killorn,,,,,,,,86,85,,,,,86,87,90,85,87,,86,86,86,86,70,80,86,80,87,86,87,85,87,87,87,86,75,87,,,,,,,,,,,,,,,,,,,,,,,,,,,,,,,,
Ian,Cole,,,,,,,,80,80,,,,,88,84,85,90,85,,75,75,80,86,55,87,88,70,80,84,88,73,88,75,87,88,75,88,,,,,,,,,,,,,,,,,,,,,,,,,,,,,,,,
Pat,Maroon,,,,,,,,83,85,,,,,90,83,80,82,82,,83,84,84,83,60,78,90,70,83,82,90,83,89,83,88,90,80,90,,,,,,,,,,,,,,,,,,,,,,,,,,,,,,,,
Steven,Stamkos,,,,,,,,92,90,,,,,83,93,75,87,92,,93,90,92,88,86,80,88,84,93,93,86,91,94,91,92,83,77,87,true,,true,true,true,,,,,,,,,,,true,,,,,true,,,,,,,,,,,
Zach,Bogosian,,,,,,,,79,80,,,,,88,82,76,85,82,,74,74,77,83,55,88,85,70,76,82,90,73,86,73,86,88,80,90,,,,,,,,,,,,,,,,,,,,,,,,,,,,,,,,
Victor,Hedman,,,,,,,,90,95,,,,,88,85,82,90,87,,80,80,90,95,55,90,94,75,91,86,91,80,90,80,90,90,75,93,,,,,,,,,,,true,,,,,,true,,,,,true,true,true,true,,,,,,,
Nikita,Kucherov,,,,,,,,95,95,,,,,80,94,80,87,92,,96,95,96,88,65,83,89,84,96,93,86,94,90,95,90,80,65,86,true,,true,,true,true,,,,,,,,true,,true,,,,,,,,,,,,,,,,
Vladislav,Namestnikov,,,,,,,,84,80,,,,,80,88,88,86,88,,86,85,84,82,71,80,84,85,82,88,85,82,87,83,87,81,60,85,,,,,,,,,,,,,,,,,,,,,,,,,,,,,,,,
Andrei,Vasilevskiy,92,92,93,91,92,90,93,83,90,85,80,94,94,91,90,86,85,90,93,,,,,,,,,,,,,,,,,,,,,,,,,,,,,,,,,,,,,,,,,,,,,,,,,,
Pierre-Edouard,Bellemare,,,,,,,,81,80,,,,,85,86,85,84,86,,83,81,81,86,85,86,88,85,81,86,85,81,86,82,86,85,65,85,,,,,,,,,,,,,,,,,,,,,,,,,,,,,,,,
Haydn,Fleury,,,,,,,,83,75,,,,,85,85,83,84,85,,80,79,83,84,55,87,86,83,82,85,87,78,87,78,87,85,70,87,,,,,,,,,,,,,,,,,,,,,,,,,,,,,,,,
Brayden,Point,,,,,,,,91,90,,,,,75,93,89,88,90,,90,90,91,88,79,85,91,90,92,92,85,91,89,92,89,80,65,85,,,,,,,,,,,,,,,,,,,,,,,,,,,,,,,,
Erik,Cernak,,,,,,,,82,80,,,,,88,83,85,88,83,,77,76,82,87,55,90,90,77,82,83,90,76,89,77,88,90,75,90,,,,,,,,,,,,,,,,,,,,,,,,,,,,,,,,
Anthony,Cirelli,,,,,,,,85,85,,,,,86,87,90,85,88,,86,86,86,87,80,83,90,80,86,87,86,86,87,86,87,85,70,86,,,,,,,,,,,,,,,,,,,,,,,,,,,,,,,,
Mikhail,Sergachev,,,,,,,,87,85,,,,,87,85,85,89,85,,81,80,87,88,55,88,88,77,87,85,89,80,90,80,91,89,78,89,,,,,,,,,,,,,,,,,,,,,,,,,,,,,,,,
Ross,Colton,,,,,,,,82,75,,,,,86,84,85,80,85,,81,83,82,83,75,80,85,82,82,84,86,82,88,83,87,86,75,86,,,,,,,,,,,,,,,,,,,,,,,,,,,,,,,,
Brandon,Hagel,,,,,,,,83,75,,,,,80,87,85,83,88,,85,83,83,80,67,74,82,85,82,87,82,80,84,81,85,75,70,82,,,,,,,,,,,,,,,,,,,,,,,,,,,,,,,,
Cal,Foote,,,,,,,,81,75,,,,,87,85,85,86,85,,80,78,81,84,60,87,87,80,81,85,88,76,87,77,87,85,75,88,,,,,,,,,,,,,,,,,,,,,,,,,,,,,,,,
Carl,Hagelin,,,,,,,,82,80,,,,,84,87,80,86,90,,86,83,82,84,65,82,85,87,82,90,84,81,86,82,85,82,70,85,,,,,,,,,,,,,,,,,,,,,,,,,,,,,,,,
John,Carlson,,,,,,,,93,90,,,,,85,87,85,90,88,,85,85,92,92,55,90,90,85,92,87,88,85,93,85,93,87,75,88,,,,,,,,,,,,,,,,,,,,,,,,,,,,,,,,
Connor,Brown,,,,,,,,86,85,,,,,80,88,90,85,87,,87,85,87,87,67,82,87,95,87,87,86,86,87,87,87,82,65,86,,,,,,,,,,,,,,,,,,,,,,,,,,,,,,,,
Anthony,Mantha,,,,,,,,88,80,,,,,87,88,82,88,87,,87,88,88,84,67,80,87,75,87,87,90,87,91,87,91,85,70,90,,,,,,,,,,,,,,,,,,,,,,,,,,,,,,,,
Alex,Ovechkin,,,,,,,,88,95,,,,,91,87,85,88,88,,88,95,91,88,65,83,91,80,96,88,95,95,96,94,95,92,80,93,,,true,true,,,,,,,,true,,,,true,,,,,,,,,,true,true,,,,,
T.J.,Oshie,,,,,,,,88,90,,,,,85,90,83,88,90,,90,89,88,85,74,82,87,83,88,90,85,87,87,88,87,85,75,85,,,,,,,,,,,,,,,,,,,,,,,,,,,,,,,,
Nicklas,Backstrom,,,,,,,,93,90,,,,,80,90,85,88,90,,89,87,92,89,78,83,90,86,91,90,86,87,87,88,87,80,65,86,,,,,,,,,,,,,,,,,,,,,,,,,,,,,,,,
Lars,Eller,,,,,,,,85,85,,,,,85,86,85,85,86,,85,85,85,85,80,84,86,83,83,86,86,84,87,84,87,85,70,87,,,,,,,,,,,,,,,,,,,,,,,,,,,,,,,,
Marcus,Johansson,,,,,,,,84,80,,,,,82,88,75,85,87,,87,84,84,84,75,82,85,95,84,88,85,82,87,83,87,82,65,85,,,,,,,,,,,,,,,,,,,,,,,,,,,,,,,,
Craig,Smith,,,,,,,,85,80,,,,,85,87,85,85,87,,85,85,85,85,71,83,85,85,85,87,86,85,87,85,87,85,70,86,,,,,,,,,,,,,,,,,,,,,,,,,,,,,,,,
Darcy,Kuemper,89,88,88,89,89,87,89,83,85,85,82,88,87,88,89,87,85,89,88,,,,,,,,,,,,,,,,,,,,,,,,,,,,,,,,,,,,,,,,,,,,,,,,,,
Nick,Jensen,,,,,,,,82,80,,,,,85,85,80,85,86,,77,77,82,86,55,87,87,75,82,86,85,77,87,78,86,85,70,85,,,,,,,,,,,,,,,,,,,,,,,,,,,,,,,,
Nic,Dowd,,,,,,,,81,80,,,,,85,86,85,83,85,,81,81,81,82,84,83,86,83,81,86,87,81,87,82,87,85,75,87,,,,,,,,,,,,,,,,,,,,,,,,,,,,,,,,
Matt,Irwin,,,,,,,,79,75,,,,,87,83,84,83,83,,77,77,79,84,55,84,86,83,79,83,87,75,85,75,85,86,75,87,,,,,,,,,,,,,,,,,,,,,,,,,,,,,,,,
Evgeny,Kuznetsov,,,,,,,,90,85,,,,,80,93,87,88,93,,90,89,89,85,70,75,87,85,89,93,85,88,89,88,88,78,65,85,,,,,,,,,,,,,,,,,,,,,,,,,,,,,,,,
Tom,Wilson,,,,,,,,87,85,,,,,96,83,88,88,85,,83,86,87,86,65,83,88,65,87,84,90,86,88,86,88,92,90,90,,,,,,,,,,,,,,,,,,,,,,,,,,,,,,,,
Erik,Gustafsson,,,,,,,,--,--,,,,,--,--,--,--,--,,--,--,--,--,--,--,--,--,--,--,--,--,--,--,--,--,--,--,,,,,,,,,,,,,,,,,,,,,,,,,,,,,,,,
Conor,Sheary,,,,,,,,85,80,,,,,80,88,85,85,88,,88,85,85,83,65,80,85,85,84,88,83,83,87,84,87,80,65,83,,,,,,,,,,,,,,,,,,,,,,,,,,,,,,,,
Nicolas,Aube-Kubel,,,,,,,,82,75,,,,,85,85,85,78,85,,83,83,82,82,65,70,84,75,82,85,84,82,86,83,86,84,65,84,,,,,,,,,,,,,,,,,,,,,,,,,,,,,,,,
Dylan,Strome,,,,,,,,88,80,,,,,83,87,90,86,87,,88,87,88,85,76,80,85,84,87,87,88,87,87,87,88,83,70,88,,,,,,,,,,,,,,,,,,,,,,,,,,,,,,,,
Charlie,Lindgren,--,--,--,--,--,--,--,--,--,--,--,--,--,--,--,--,--,--,--,,,,,,,,,,,,,,,,,,,,,,,,,,,,,,,,,,,,,,,,,,,,,,,,,,
Martin,Fehervary,,,,,,,,76,70,,,,,83,84,85,85,83,,74,70,76,81,60,85,87,80,75,84,86,70,87,70,86,80,80,87,,,,,,,,,,,,,,,,,,,,,,,,,,,,,,,,
Jonathan,Toews,,,,,,,,88,90,,,,,85,88,75,88,88,,88,88,88,90,92,85,93,85,88,88,87,87,88,87,88,85,75,87,,,,,,,,,,,,,,,,,,,,,,,,,,,,,,,,
Jarred,Tinordi,,,,,,,,74,70,,,,,90,80,85,85,81,,70,70,74,83,55,88,88,70,74,82,90,70,87,71,87,90,87,90,,,,,,,,,,,,,,,,,,,,,,,,,,,,,,,,
MacKenzie,Entwistle,,,,,,,,--,--,,,,,--,--,--,--,--,,--,--,--,--,--,--,--,--,--,--,--,--,--,--,--,--,--,--,,,,,,,,,,,,,,,,,,,,,,,,,,,,,,,,
Reese,Johnson,,,,,,,,--,--,,,,,--,--,--,--,--,,--,--,--,--,--,--,--,--,--,--,--,--,--,--,--,--,--,--,,,,,,,,,,,,,,,,,,,,,,,,,,,,,,,,
Nikita,Zaitsev,,,,,,,,83,80,,,,,84,85,88,90,86,,80,77,82,96,55,87,87,83,82,85,87,77,87,77,86,85,75,87,,,,,,,,,,,,,,,,,,,,,,,,,,,,,,,,
Jack,Johnson,,,,,,,,--,--,,,,,--,--,--,--,--,,--,--,--,--,--,--,--,--,--,--,--,--,--,--,--,--,--,--,,,,,,,,,,,,,,,,,,,,,,,,,,,,,,,,
Patrick,Kane,,,,,,,,96,95,,,,,75,95,85,88,91,,97,98,97,89,65,78,91,70,97,94,85,94,89,96,89,75,65,82,,true,,,true,true,,,,,,,,true,,,,,,true,true,,,,,,,,,,,
Tyler,Johnson,,,,,,,,86,80,,,,,80,92,87,85,90,,88,87,86,86,77,80,85,85,86,90,83,86,87,86,85,80,65,85,,,,,,,,,,,,,,,,,,,,,,,,,,,,,,,,
Petr,Mrazek,87,87,87,85,88,85,88,82,80,84,83,88,88,88,88,85,86,88,88,,,,,,,,,,,,,,,,,,,,,,,,,,,,,,,,,,,,,,,,,,,,,,,,,,
Colin,Blackwell,,,,,,,,84,75,,,,,80,87,85,82,87,,85,84,84,84,75,72,86,90,84,87,85,85,86,85,86,80,65,85,,,,,,,,,,,,,,,,,,,,,,,,,,,,,,,,
Connor,Murphy,,,,,,,,83,80,,,,,87,84,80,87,85,,75,75,82,86,55,87,88,80,80,85,87,77,87,77,87,87,77,87,,,,,,,,,,,,,,,,,,,,,,,,,,,,,,,,
Jujhar,Khaira,,,,,,,,81,75,,,,,90,83,85,85,84,,80,80,81,83,77,85,86,75,80,83,90,81,89,82,88,89,75,90,,,,,,,,,,,,,,,,,,,,,,,,,,,,,,,,
Jake,McCabe,,,,,,,,85,80,,,,,84,85,77,90,85,,80,79,84,87,55,87,88,82,84,85,86,79,87,80,87,85,65,85,,,,,,,,,,,,,,,,,,,,,,,,,,,,,,,,
Andreas,Athanasiou,,,,,,,,84,80,,,,,83,87,85,85,92,,85,85,84,84,72,80,84,80,84,92,87,85,87,85,87,83,70,87,,,,,,,,,,,,,,,,,,,,,,,,,,,,,,,,
Jason,Dickinson,,,,,,,,84,80,,,,,85,85,83,84,85,,85,83,84,85,74,77,87,82,84,85,87,83,87,83,87,85,70,87,,,,,,,,,,,,,,,,,,,,,,,,,,,,,,,,
Seth,Jones,,,,,,,,88,85,,,,,85,88,87,88,89,,85,82,88,89,55,87,89,85,89,88,88,82,89,83,89,85,75,88,,,,,,,,,,,,,,,,,,,,,,,,,,,,,,,,
Max,Domi,,,,,,,,87,80,,,,,88,87,85,85,88,,88,86,86,85,75,80,86,75,86,88,87,83,87,83,87,85,85,87,,,,,,,,,,,,,,,,,,,,,,,,,,,,,,,,
Sam,Lafferty,,,,,,,,82,80,,,,,85,86,85,84,86,,82,82,82,82,78,75,85,85,82,86,85,82,86,82,86,85,70,85,,,,,,,,,,,,,,,,,,,,,,,,,,,,,,,,
Caleb,Jones,,,,,,,,82,80,,,,,85,87,85,87,87,,84,80,82,85,55,87,86,80,82,87,85,76,87,76,87,85,70,87,,,,,,,,,,,,,,,,,,,,,,,,,,,,,,,,
Brett,Seney,,,,,,,,--,--,,,,,--,--,--,--,--,,--,--,--,--,--,--,--,--,--,--,--,--,--,--,--,--,--,--,,,,,,,,,,,,,,,,,,,,,,,,,,,,,,,,
Boris,Katchouk,,,,,,,,--,--,,,,,--,--,--,--,--,,--,--,--,--,--,--,--,--,--,--,--,--,--,--,--,--,--,--,,,,,,,,,,,,,,,,,,,,,,,,,,,,,,,,
Taylor,Raddysh,,,,,,,,--,--,,,,,--,--,--,--,--,,--,--,--,--,--,--,--,--,--,--,--,--,--,--,--,--,--,--,,,,,,,,,,,,,,,,,,,,,,,,,,,,,,,,
Ian,Mitchell,,,,,,,,--,--,,,,,--,--,--,--,--,,--,--,--,--,--,--,--,--,--,--,--,--,--,--,--,--,--,--,,,,,,,,,,,,,,,,,,,,,,,,,,,,,,,,
David,Gust,,,,,,,,--,--,,,,,--,--,--,--,--,,--,--,--,--,--,--,--,--,--,--,--,--,--,--,--,--,--,--,,,,,,,,,,,,,,,,,,,,,,,,,,,,,,,,
Philipp,Kurashev,,,,,,,,83,75,,,,,80,87,85,83,87,,85,83,83,83,74,73,84,87,83,87,84,83,86,84,85,77,65,84,,,,,,,,,,,,,,,,,,,,,,,,,,,,,,,,
Isaak,Phillips,,,,,,,,--,--,,,,,--,--,--,--,--,,--,--,--,--,--,--,--,--,--,--,--,--,--,--,--,--,--,--,,,,,,,,,,,,,,,,,,,,,,,,,,,,,,,,
Lucas,Raymond,,,,,,,,--,--,,,,,--,--,--,--,--,,--,--,--,--,--,--,--,--,--,--,--,--,--,--,--,--,--,--,,,,,,,,,,,,,,,,,,,,,,,,,,,,,,,,
David,Perron,,,,,,,,88,90,,,,,85,87,77,87,87,,87,88,89,88,65,82,88,80,89,87,88,87,89,88,88,85,75,88,,,,,,,,,,,,,,,,,,,,,,,,,,,,,,,,
Ben,Chiarot,,,,,,,,80,80,,,,,90,82,85,88,82,,75,75,80,86,55,88,89,67,80,82,90,74,87,74,86,90,85,90,,,,,,,,,,,,,,,,,,,,,,,,,,,,,,,,
Olli,Maatta,,,,,,,,82,80,,,,,84,83,80,87,85,,82,77,80,86,55,87,86,85,80,84,87,77,87,77,87,87,70,87,,,,,,,,,,,,,,,,,,,,,,,,,,,,,,,,
Oskar,Sundqvist,,,,,,,,82,80,,,,,84,83,86,85,83,,80,80,82,85,74,82,86,75,85,83,88,82,87,82,87,85,75,88,,,,,,,,,,,,,,,,,,,,,,,,,,,,,,,,
Dominik,Kubalik,,,,,,,,87,80,,,,,85,86,85,85,86,,87,88,87,87,60,78,87,85,88,86,87,87,88,88,88,85,75,87,,,,,,,,,,,,,,,,,,,,,,,,,,,,,,,,
Andrew,Copp,,,,,,,,87,80,,,,,84,87,80,84,86,,86,86,86,87,82,84,88,90,87,86,87,87,88,87,88,84,65,86,,,,,,,,,,,,,,,,,,,,,,,,,,,,,,,,
Robert,Hagg,,,,,,,,81,80,,,,,87,82,85,85,83,,75,75,80,85,55,88,85,80,78,83,87,75,87,75,87,87,70,87,,,,,,,,,,,,,,,,,,,,,,,,,,,,,,,,
Tyler,Bertuzzi,,,,,,,,87,85,,,,,89,87,87,87,87,,88,87,87,88,65,85,87,70,87,87,87,87,87,88,87,87,80,87,,,,,,,,,,,,,,,,,,,,,,,,,,,,,,,,
Jordan,Oesterle,,,,,,,,82,80,,,,,83,85,85,87,85,,80,78,80,84,55,87,87,85,80,85,85,79,86,79,85,85,70,85,,,,,,,,,,,,,,,,,,,,,,,,,,,,,,,,
Jakub,Vrana,,,,,,,,89,80,,,,,78,90,85,85,90,,90,89,89,86,65,82,85,85,88,90,85,88,88,89,87,78,65,85,,,,,,,,,,,,,,,,,,,,,,,,,,,,,,,,
Dylan,Larkin,,,,,,,,90,85,,,,,84,90,87,91,93,,90,88,90,90,80,86,90,80,90,93,85,85,87,85,87,84,70,85,,,,,,,,,,,,,,,,,,,,,,,,,,,,,,,,
Robby,Fabbri,,,,,,,,87,80,,,,,77,90,75,85,90,,89,86,87,85,72,75,86,90,86,90,83,87,88,88,87,77,65,83,,,,,,,,,,,,,,,,,,,,,,,,,,,,,,,,
Jake,Walman,,,,,,,,81,75,,,,,82,85,85,80,85,,80,75,80,83,60,80,85,80,80,84,85,76,87,76,87,80,70,85,,,,,,,,,,,,,,,,,,,,,,,,,,,,,,,,
Ville,Husso,84,85,84,83,84,83,84,80,75,84,80,84,84,85,86,85,84,86,85,,,,,,,,,,,,,,,,,,,,,,,,,,,,,,,,,,,,,,,,,,,,,,,,,,
Filip,Hronek,,,,,,,,87,80,,,,,85,88,87,88,88,,85,81,87,86,55,86,87,85,86,88,85,81,87,82,87,85,70,85,,,,,,,,,,,,,,,,,,,,,,,,,,,,,,,,
Michael,Rasmussen,,,,,,,,83,75,,,,,84,85,81,83,88,,81,82,83,78,74,79,83,80,81,88,90,81,89,81,88,85,70,88,,,,,,,,,,,,,,,,,,,,,,,,,,,,,,,,
Gustav,Lindstrom,,,,,,,,--,--,,,,,--,--,--,--,--,,--,--,--,--,--,--,--,--,--,--,--,--,--,--,--,--,--,--,,,,,,,,,,,,,,,,,,,,,,,,,,,,,,,,
Pius,Suter,,,,,,,,86,80,,,,,80,88,85,84,89,,88,86,85,85,74,77,86,85,86,88,82,87,86,86,86,80,65,82,,,,,,,,,,,,,,,,,,,,,,,,,,,,,,,,
Joe,Veleno,,,,,,,,--,--,,,,,--,--,--,--,--,,--,--,--,--,--,--,--,--,--,--,--,--,--,--,--,--,--,--,,,,,,,,,,,,,,,,,,,,,,,,,,,,,,,,
Filip,Zadina,,,,,,,,88,80,,,,,80,88,85,85,90,,89,87,88,82,65,75,84,85,87,90,85,87,88,88,88,80,65,85,,,,,,,,,,,,,,,,,,,,,,,,,,,,,,,,
Jonatan,Berggren,,,,,,,,--,--,,,,,--,--,--,--,--,,--,--,--,--,--,--,--,--,--,--,--,--,--,--,--,--,--,--,,,,,,,,,,,,,,,,,,,,,,,,,,,,,,,,
Moritz,Seider,,,,,,,,--,--,,,,,--,--,--,--,--,,--,--,--,--,--,--,--,--,--,--,--,--,--,--,--,--,--,--,,,,,,,,,,,,,,,,,,,,,,,,,,,,,,,,
Mark,Borowiecki,,,,,,,,79,80,,,,,93,81,76,86,82,,74,72,78,85,55,88,86,65,76,82,88,71,87,73,86,90,85,88,,,,,,,,,,,,,,,,,,,,,,,,,,,,,,,,
Mark,Jankowski,,,,,,,,--,--,,,,,--,--,--,--,--,,--,--,--,--,--,--,--,--,--,--,--,--,--,--,--,--,--,--,,,,,,,,,,,,,,,,,,,,,,,,,,,,,,,,
Ryan,McDonagh,,,,,,,,85,85,,,,,87,88,85,88,87,,83,80,86,90,55,88,90,80,85,87,88,80,88,81,88,87,75,88,,,,,,,,,,,,,,,,,,,,,,,,,,,,,,,,
Roman,Josi,,,,,,,,91,90,,,,,85,86,89,93,88,,83,84,90,93,55,90,93,85,90,87,88,85,91,84,90,86,70,90,,,,,,,,,,,,,,,,,,,,,,,,,,,,,,,,
Matt,Duchene,,,,,,,,86,80,,,,,80,91,87,89,92,,87,86,86,86,82,78,86,90,86,91,85,85,88,85,88,82,75,85,,,,,,,,,,,,,,,,,,,,,,,,,,,,,,,,
Mattias,Ekholm,,,,,,,,86,85,,,,,85,83,89,93,85,,76,80,86,90,55,89,89,90,87,85,89,79,88,79,87,88,80,89,,,,,,,,,,,,,,,,,,,,,,,,,,,,,,,,
Ryan,Johansen,,,,,,,,87,80,,,,,86,87,85,88,88,,87,87,87,84,85,75,87,80,86,87,89,86,90,87,89,85,65,90,,,,,,,,,,,,,,,,,,,,,,,,,,,,,,,,
Mikael,Granlund,,,,,,,,85,85,,,,,80,88,85,85,88,,87,85,85,87,80,80,87,87,86,88,84,85,87,85,87,80,65,85,,,,,,,,,,,,,,,,,,,,,,,,,,,,,,,,
Kevin,Gravel,,,,,,,,--,--,,,,,--,--,--,--,--,,--,--,--,--,--,--,--,--,--,--,--,--,--,--,--,--,--,--,,,,,,,,,,,,,,,,,,,,,,,,,,,,,,,,
Filip,Forsberg,,,,,,,,90,90,,,,,84,88,80,87,88,,90,90,90,87,70,80,88,84,89,88,88,88,89,89,89,84,70,88,,,,,,,,,,,,,,,,,,,,,,,,,,,,,,,,
Colton,Sissons,,,,,,,,83,80,,,,,86,85,85,85,85,,83,83,83,85,82,86,87,75,83,85,87,83,87,83,86,87,75,87,,,,,,,,,,,,,,,,,,,,,,,,,,,,,,,,
Juuse,Saros,90,89,88,85,87,85,89,83,85,83,80,88,88,89,90,85,83,90,89,,,,,,,,,,,,,,,,,,,,,,,,,,,,,,,,,,,,,,,,,,,,,,,,,,
Jeremy,Lauzon,,,,,,,,80,75,,,,,88,82,85,85,84,,76,74,80,81,55,86,86,75,78,82,87,74,88,76,87,88,75,87,,,,,,,,,,,,,,,,,,,,,,,,,,,,,,,,
Yakov,Trenin,,,,,,,,82,75,,,,,85,84,85,84,85,,82,82,82,80,85,80,84,83,82,85,86,82,87,82,86,85,70,86,,,,,,,,,,,,,,,,,,,,,,,,,,,,,,,,
Alexandre,Carrier,,,,,,,,78,75,,,,,82,89,85,85,89,,86,79,78,80,55,85,82,85,80,88,82,78,87,78,87,82,60,83,,,,,,,,,,,,,,,,,,,,,,,,,,,,,,,,
Dante,Fabbro,,,,,,,,87,80,,,,,83,89,85,87,89,,89,82,87,86,55,85,87,85,87,89,84,80,88,81,88,83,70,85,,,,,,,,,,,,,,,,,,,,,,,,,,,,,,,,
Tanner,Jeannot,,,,,,,,79,75,,,,,85,84,85,82,84,,79,80,79,79,65,72,84,70,80,84,85,78,86,80,85,78,75,86,,,,,,,,,,,,,,,,,,,,,,,,,,,,,,,,
Cody,Glass,,,,,,,,84,75,,,,,85,86,85,85,87,,85,83,83,81,77,80,84,80,84,87,87,83,87,83,87,85,75,86,,,,,,,,,,,,,,,,,,,,,,,,,,,,,,,,
Kevin,Lankinen,87,87,86,85,86,84,86,84,80,82,80,86,87,87,87,85,85,87,87,,,,,,,,,,,,,,,,,,,,,,,,,,,,,,,,,,,,,,,,,,,,,,,,,,
Philip,Tomasino,,,,,,,,--,--,,,,,--,--,--,--,--,,--,--,--,--,--,--,--,--,--,--,--,--,--,--,--,--,--,--,,,,,,,,,,,,,,,,,,,,,,,,,,,,,,,,
Cole,Smith,,,,,,,,--,--,,,,,--,--,--,--,--,,--,--,--,--,--,--,--,--,--,--,--,--,--,--,--,--,--,--,,,,,,,,,,,,,,,,,,,,,,,,,,,,,,,,
Jake,Neighbours,,,,,,,,--,--,,,,,--,--,--,--,--,,--,--,--,--,--,--,--,--,--,--,--,--,--,--,--,--,--,--,,,,,,,,,,,,,,,,,,,,,,,,,,,,,,,,
Scott,Perunovich,,,,,,,,--,--,,,,,--,--,--,--,--,,--,--,--,--,--,--,--,--,--,--,--,--,--,--,--,--,--,--,,,,,,,,,,,,,,,,,,,,,,,,,,,,,,,,
Thomas,Greiss,85,85,86,84,87,84,87,83,80,84,83,85,85,86,86,85,87,86,86,,,,,,,,,,,,,,,,,,,,,,,,,,,,,,,,,,,,,,,,,,,,,,,,,,
Robert,Bortuzzo,,,,,,,,78,75,,,,,88,81,80,87,82,,71,71,78,85,55,88,85,70,76,82,88,70,87,72,86,88,83,88,,,,,,,,,,,,,,,,,,,,,,,,,,,,,,,,
Marco,Scandella,,,,,,,,81,80,,,,,87,84,80,87,84,,74,74,80,85,55,88,87,70,80,84,88,74,88,75,86,88,77,88,,,,,,,,,,,,,,,,,,,,,,,,,,,,,,,,
Brayden,Schenn,,,,,,,,88,85,,,,,88,87,85,88,86,,88,88,89,88,81,83,89,80,89,86,88,88,88,88,88,87,80,88,,,,,,,,,,,,,,,,,,,,,,,,,,,,,,,,
Nick,Leddy,,,,,,,,88,85,,,,,84,88,85,87,88,,88,82,88,87,55,87,90,95,86,88,86,82,88,82,88,85,65,86,,,,,,,,,,,,,,,,,,,,,,,,,,,,,,,,
Tyler,Pitlick,,,,,,,,81,80,,,,,85,85,80,84,88,,83,83,81,83,75,82,85,82,82,88,87,82,87,83,87,85,75,87,,,,,,,,,,,,,,,,,,,,,,,,,,,,,,,,
Justin,Faulk,,,,,,,,90,85,,,,,82,89,89,91,87,,86,84,90,86,55,85,90,85,89,89,86,82,90,83,89,85,75,86,,,,,,,,,,,,,,,,,,,,,,,,,,,,,,,,
Josh,Leivo,,,,,,,,--,--,,,,,--,--,--,--,--,,--,--,--,--,--,--,--,--,--,--,--,--,--,--,--,--,--,--,,,,,,,,,,,,,,,,,,,,,,,,,,,,,,,,
Jordan,Binnington,90,90,86,86,87,88,86,84,85,85,80,88,87,90,90,80,85,90,90,,,,,,,,,,,,,,,,,,,,,,,,,,,,,,,,,,,,,,,,,,,,,,,,,,
Brandon,Saad,,,,,,,,85,85,,,,,84,88,85,85,88,,87,87,85,84,67,81,86,85,85,88,86,86,88,87,88,84,70,86,,,,,,,,,,,,,,,,,,,,,,,,,,,,,,,,
Torey,Krug,,,,,,,,90,90,,,,,80,90,85,90,89,,90,86,90,89,55,87,88,83,90,89,85,85,90,87,88,82,65,85,,,,,,,,,,,,,,,,,,,,,,,,,,,,,,,,
Colton,Parayko,,,,,,,,85,85,,,,,87,85,85,90,85,,78,77,85,89,55,89,88,82,85,85,88,80,93,80,90,88,80,88,,,,,,,,,,,,,,,,,,,,,,,,,,,,,,,,
Pavel,Buchnevich,,,,,,,,90,85,,,,,81,90,85,85,88,,90,90,90,86,65,78,88,80,90,90,85,89,88,90,88,81,65,85,,,,,,,,,,,,,,,,,,,,,,,,,,,,,,,,
Nathan,Walker,,,,,,,,--,--,,,,,--,--,--,--,--,,--,--,--,--,--,--,--,--,--,--,--,--,--,--,--,--,--,--,,,,,,,,,,,,,,,,,,,,,,,,,,,,,,,,
Kasperi,Kapanen,,,,,,,,85,85,,,,,84,90,85,85,93,,87,84,85,85,65,83,86,90,85,93,85,84,87,84,86,83,67,85,,,,,,,,,,,,,,,,,,,,,,,,,,,,,,,,
Ivan,Barbashev,,,,,,,,84,80,,,,,83,87,85,85,87,,86,84,84,83,75,77,86,87,83,87,85,83,87,84,87,84,65,85,,,,,,,,,,,,,,,,,,,,,,,,,,,,,,,,
Sammy,Blais,,,,,,,,83,80,,,,,87,85,85,84,83,,83,83,83,85,65,80,87,84,83,85,87,83,87,83,87,87,75,87,,,,,,,,,,,,,,,,,,,,,,,,,,,,,,,,
Logan,Brown,,,,,,,,--,--,,,,,--,--,--,--,--,,--,--,--,--,--,--,--,--,--,--,--,--,--,--,--,--,--,--,,,,,,,,,,,,,,,,,,,,,,,,,,,,,,,,
Jordan,Kyrou,,,,,,,,88,80,,,,,77,89,85,84,91,,88,86,87,85,70,74,86,87,89,91,82,85,87,86,87,77,65,80,,,,,,,,,,,,,,,,,,,,,,,,,,,,,,,,
Robert,Thomas,,,,,,,,86,85,,,,,83,88,87,85,87,,87,85,86,85,75,85,87,83,85,88,85,85,87,86,87,83,70,86,,,,,,,,,,,,,,,,,,,,,,,,,,,,,,,,
Calle,Rosen,,,,,,,,--,--,,,,,--,--,--,--,--,,--,--,--,--,--,--,--,--,--,--,--,--,--,--,--,--,--,--,,,,,,,,,,,,,,,,,,,,,,,,,,,,,,,,
Alexey,Toropchenko,,,,,,,,--,--,,,,,--,--,--,--,--,,--,--,--,--,--,--,--,--,--,--,--,--,--,--,--,--,--,--,,,,,,,,,,,,,,,,,,,,,,,,,,,,,,,,
Tyler,Tucker,,,,,,,,--,--,,,,,--,--,--,--,--,,--,--,--,--,--,--,--,--,--,--,--,--,--,--,--,--,--,--,,,,,,,,,,,,,,,,,,,,,,,,,,,,,,,,
Michael,Stone,,,,,,,,--,--,,,,,--,--,--,--,--,,--,--,--,--,--,--,--,--,--,--,--,--,--,--,--,--,--,--,,,,,,,,,,,,,,,,,,,,,,,,,,,,,,,,
Trevor,Lewis,,,,,,,,80,80,,,,,85,87,70,83,87,,83,82,80,85,77,85,85,87,80,87,85,80,86,81,85,85,70,85,,,,,,,,,,,,,,,,,,,,,,,,,,,,,,,,
Milan,Lucic,,,,,,,,82,80,,,,,90,83,85,83,83,,80,82,82,83,65,80,85,70,82,83,94,82,88,82,88,95,90,93,,,,,,,,,,,,,,,,,,,,,,,,,,,,,,,,
Mikael,Backlund,,,,,,,,85,80,,,,,85,87,85,85,87,,85,85,85,88,80,87,90,85,85,87,85,85,86,85,86,85,70,85,,,,,,,,,,,,,,,,,,,,,,,,,,,,,,,,
Jacob,Markstrom,90,90,90,89,90,89,90,84,85,85,81,91,91,89,88,85,85,88,90,,,,,,,,,,,,,,,,,,,,,,,,,,,,,,,,,,,,,,,,,,,,,,,,,,
Nazem,Kadri,,,,,,,,87,85,,,,,90,88,86,85,88,,88,87,88,87,85,85,88,75,87,88,87,87,88,87,87,87,70,87,,,,,,,,,,,,,,,,,,,,,,,,,,,,,,,,
Tyler,Toffoli,,,,,,,,87,90,,,,,82,88,85,87,86,,89,90,89,87,70,77,87,90,88,87,85,89,89,90,89,82,65,85,,,,,,,,,,,,,,,,,,,,,,,,,,,,,,,,
Blake,Coleman,,,,,,,,85,80,,,,,88,85,85,85,87,,85,85,85,85,75,84,87,77,85,85,87,85,88,85,87,88,75,87,,,,,,,,,,,,,,,,,,,,,,,,,,,,,,,,
Brett,Ritchie,,,,,,,,81,80,,,,,88,84,85,83,84,,81,81,81,81,65,77,87,75,81,84,89,81,87,82,87,88,80,89,,,,,,,,,,,,,,,,,,,,,,,,,,,,,,,,
Jonathan,Huberdeau,,,,,,,,96,90,,,,,79,91,85,88,90,,91,91,94,89,72,84,92,82,93,90,88,91,89,91,88,79,65,87,,,,,,,,,,,,,,,,,,,,,,,,,,,,,,,,
MacKenzie,Weegar,,,,,,,,87,80,,,,,85,87,85,87,87,,85,80,87,90,55,87,87,80,88,87,86,80,87,80,87,85,70,86,,,,,,,,,,,,,,,,,,,,,,,,,,,,,,,,
Elias,Lindholm,,,,,,,,90,85,,,,,82,89,85,87,89,,90,88,90,88,85,85,88,88,90,89,85,87,87,87,87,82,65,85,,,,,,,,,,,,,,,,,,,,,,,,,,,,,,,,
Nikita,Zadorov,,,,,,,,80,80,,,,,90,81,85,89,82,,74,74,79,85,55,90,87,70,79,82,90,74,88,74,87,90,85,91,,,,,,,,,,,,,,,,,,,,,,,,,,,,,,,,
Andrew,Mangiapane,,,,,,,,85,80,,,,,84,89,85,85,89,,88,85,86,86,65,80,88,85,86,89,84,86,87,86,86,80,70,85,,,,,,,,,,,,,,,,,,,,,,,,,,,,,,,,
Noah,Hanifin,,,,,,,,86,80,,,,,85,87,89,91,87,,80,80,86,87,55,88,88,80,85,87,88,80,88,80,87,85,75,88,,,,,,,,,,,,,,,,,,,,,,,,,,,,,,,,
Rasmus,Andersson,,,,,,,,84,80,,,,,87,87,85,87,87,,80,78,84,88,55,88,88,80,85,87,87,77,87,78,87,87,75,88,,,,,,,,,,,,,,,,,,,,,,,,,,,,,,,,
Dan,Vladar,84,85,83,82,83,81,84,80,75,84,80,84,83,85,86,85,85,86,84,,,,,,,,,,,,,,,,,,,,,,,,,,,,,,,,,,,,,,,,,,,,,,,,,,
Dennis,Gilbert,,,,,,,,--,--,,,,,--,--,--,--,--,,--,--,--,--,--,--,--,--,--,--,--,--,--,--,--,--,--,--,,,,,,,,,,,,,,,,,,,,,,,,,,,,,,,,
Dillon,Dube,,,,,,,,84,80,,,,,85,87,85,84,87,,87,84,84,85,60,80,85,84,84,87,85,83,86,83,86,85,70,85,,,,,,,,,,,,,,,,,,,,,,,,,,,,,,,,
Adam,Ruzicka,,,,,,,,--,--,,,,,--,--,--,--,--,,--,--,--,--,--,--,--,--,--,--,--,--,--,--,--,--,--,--,,,,,,,,,,,,,,,,,,,,,,,,,,,,,,,,
Jakob,Pelletier,,,,,,,,--,--,,,,,--,--,--,--,--,,--,--,--,--,--,--,--,--,--,--,--,--,--,--,--,--,--,--,,,,,,,,,,,,,,,,,,,,,,,,,,,,,,,,
Connor,Mackey,,,,,,,,--,--,,,,,--,--,--,--,--,,--,--,--,--,--,--,--,--,--,--,--,--,--,--,--,--,--,--,,,,,,,,,,,,,,,,,,,,,,,,,,,,,,,,
Erik,Johnson,,,,,,,,85,85,,,,,88,85,85,88,85,,77,77,84,87,55,88,89,75,83,85,89,78,88,80,88,88,76,89,,,,,,,,,,,,,,,,,,,,,,,,,,,,,,,,
Charles,Hudon,,,,,,,,--,--,,,,,--,--,--,--,--,,--,--,--,--,--,--,--,--,--,--,--,--,--,--,--,--,--,--,,,,,,,,,,,,,,,,,,,,,,,,,,,,,,,,
Sampo,Ranta,,,,,,,,--,--,,,,,--,--,--,--,--,,--,--,--,--,--,--,--,--,--,--,--,--,--,--,--,--,--,--,,,,,,,,,,,,,,,,,,,,,,,,,,,,,,,,
Jean-Luc,Foudy,,,,,,,,--,--,,,,,--,--,--,--,--,,--,--,--,--,--,--,--,--,--,--,--,--,--,--,--,--,--,--,,,,,,,,,,,,,,,,,,,,,,,,,,,,,,,,
Andrew,Cogliano,,,,,,,,81,80,,,,,83,88,85,84,90,,85,81,81,85,65,83,84,95,80,90,83,80,85,81,85,81,65,82,,,,,,,,,,,,,,,,,,,,,,,,,,,,,,,,
Darren,Helm,,,,,,,,80,80,,,,,83,88,79,85,88,,85,81,80,85,71,85,87,90,80,88,83,80,85,80,85,82,70,82,,,,,,,,,,,,,,,,,,,,,,,,,,,,,,,,
Josh,Manson,,,,,,,,84,85,,,,,89,84,85,89,85,,79,79,83,88,55,89,89,70,84,84,89,79,87,80,87,90,80,89,,,,,,,,,,,,,,,,,,,,,,,,,,,,,,,,
Kurtis,MacDermid,,,,,,,,77,75,,,,,90,81,85,85,82,,74,74,74,82,55,87,86,60,73,81,90,73,87,75,87,90,85,90,,,,,,,,,,,,,,,,,,,,,,,,,,,,,,,,
J.T.,Compher,,,,,,,,85,80,,,,,85,85,80,85,85,,85,84,85,86,77,85,85,83,85,85,85,84,86,84,85,85,75,85,,,,,,,,,,,,,,,,,,,,,,,,,,,,,,,,
Artturi,Lehkonen,,,,,,,,83,80,,,,,83,88,88,87,87,,86,84,83,83,65,75,84,95,83,88,84,84,87,84,87,80,60,84,,,,,,,,,,,,,,,,,,,,,,,,,,,,,,,,
Nathan,MacKinnon,,,,,,,,93,90,,,,,80,94,85,88,94,,93,94,93,91,77,82,93,84,94,95,90,90,92,93,92,84,70,90,true,true,,,,,,,,,,,,true,,true,,,,true,,,,,,,,true,,,,
Valeri,Nichushkin,,,,,,,,84,80,,,,,82,88,86,84,88,,88,85,85,82,65,75,85,80,85,88,88,84,88,85,88,82,65,88,,,,,,,,,,,,,,,,,,,,,,,,,,,,,,,,
Andreas,Englund,,,,,,,,--,--,,,,,--,--,--,--,--,,--,--,--,--,--,--,--,--,--,--,--,--,--,--,--,--,--,--,,,,,,,,,,,,,,,,,,,,,,,,,,,,,,,,
Devon,Toews,,,,,,,,86,85,,,,,84,88,90,88,88,,86,80,86,88,65,87,89,90,86,88,85,80,87,80,87,84,70,85,,,,,,,,,,,,,,,,,,,,,,,,,,,,,,,,
Mikko,Rantanen,,,,,,,,92,90,,,,,84,90,86,90,88,,92,92,93,89,65,85,91,83,93,88,88,91,91,92,90,84,80,88,,,,,,,,,,,,,,,,,,,,,,,,,,,,,,,,
Evan,Rodrigues,,,,,,,,84,80,,,,,77,88,87,86,88,,87,84,84,82,75,76,84,82,83,88,81,83,86,84,85,77,65,80,,,,,,,,,,,,,,,,,,,,,,,,,,,,,,,,
Samuel,Girard,,,,,,,,91,85,,,,,78,92,85,88,92,,90,85,91,88,60,85,88,95,90,92,84,84,88,84,87,78,65,83,,,,,,,,,,,,,,,,,,,,,,,,,,,,,,,,
Cale,Makar,,,,,,,,93,85,,,,,80,94,85,90,93,,93,86,93,90,55,85,92,83,93,93,85,87,89,86,88,80,65,85,,,,,,,,,,,,,,,,,true,,,,,true,true,,,,,,true,true,true,
Alexandar,Georgiev,86,86,86,85,86,85,87,83,80,85,81,85,85,86,88,85,85,88,87,,,,,,,,,,,,,,,,,,,,,,,,,,,,,,,,,,,,,,,,,,,,,,,,,,
Pavel,Francouz,87,86,87,86,87,87,88,80,80,80,70,86,86,87,88,85,84,88,87,,,,,,,,,,,,,,,,,,,,,,,,,,,,,,,,,,,,,,,,,,,,,,,,,,
Bowen,Byram,,,,,,,,84,75,,,,,85,87,85,85,87,,85,80,83,84,55,80,85,80,84,87,87,80,88,80,88,84,70,86,,,,,,,,,,,,,,,,,,,,,,,,,,,,,,,,
Alex,Newhook,,,,,,,,--,--,,,,,--,--,--,--,--,,--,--,--,--,--,--,--,--,--,--,--,--,--,--,--,--,--,--,,,,,,,,,,,,,,,,,,,,,,,,,,,,,,,,
Ryan,Murray,,,,,,,,--,--,,,,,--,--,--,--,--,,--,--,--,--,--,--,--,--,--,--,--,--,--,--,--,--,--,--,,,,,,,,,,,,,,,,,,,,,,,,,,,,,,,,
Tyson,Barrie,,,,,,,,93,85,,,,,83,89,87,90,88,,87,86,92,87,55,88,88,82,91,89,85,86,91,85,91,83,75,86,,,,,,,,,,,,,,,,,,,,,,,,,,,,,,,,
Zach,Hyman,,,,,,,,86,80,,,,,87,85,86,88,85,,85,86,86,88,76,85,89,83,86,85,88,86,88,86,87,88,70,88,,,,,,,,,,,,,,,,,,,,,,,,,,,,,,,,
Jack,Campbell,85,87,86,85,85,85,86,88,80,87,85,85,85,87,88,85,85,88,88,,,,,,,,,,,,,,,,,,,,,,,,,,,,,,,,,,,,,,,,,,,,,,,,,,
Ryan,Nugent-Hopkins,,,,,,,,88,85,,,,,80,92,88,88,88,,90,88,89,89,75,79,90,87,89,89,84,88,86,88,87,80,67,84,,,,,,,,,,,,,,,,,,,,,,,,,,,,,,,,
Cody,Ceci,,,,,,,,83,80,,,,,83,85,85,92,85,,78,78,82,85,55,87,85,85,82,85,88,75,89,77,88,85,70,88,,,,,,,,,,,,,,,,,,,,,,,,,,,,,,,,
Devin,Shore,,,,,,,,82,80,,,,,83,87,70,85,87,,85,84,82,82,75,82,82,85,82,87,85,82,87,83,86,83,70,85,,,,,,,,,,,,,,,,,,,,,,,,,,,,,,,,
Brett,Kulak,,,,,,,,81,80,,,,,85,87,85,87,87,,83,77,81,86,55,87,86,80,81,87,85,76,87,76,87,85,70,85,,,,,,,,,,,,,,,,,,,,,,,,,,,,,,,,
Mattias,Janmark,,,,,,,,85,80,,,,,80,86,89,86,88,,87,85,85,85,70,78,87,88,85,88,85,85,87,85,87,80,65,86,,,,,,,,,,,,,,,,,,,,,,,,,,,,,,,,
Darnell,Nurse,,,,,,,,87,85,,,,,88,87,85,88,87,,83,83,87,90,55,89,90,75,87,87,91,83,88,83,88,90,80,89,,,,,,,,,,,,,,,,,,,,,,,,,,,,,,,,
Leon,Draisaitl,,,,,,,,95,90,,,,,85,88,85,88,88,,93,94,95,91,85,80,91,80,97,88,92,93,93,94,93,85,70,91,,,true,true,true,true,,true,,,,true,,,,,,,,,,,,,,,,,,,,
Warren,Foegele,,,,,,,,84,80,,,,,87,85,85,84,85,,83,84,84,85,65,80,87,80,84,85,87,84,87,84,87,87,80,88,,,,,,,,,,,,,,,,,,,,,,,,,,,,,,,,
Connor,McDavid,,,,,,,,96,95,,,,,84,96,85,89,96,,97,97,97,92,79,80,92,70,98,96,89,94,90,96,90,84,65,88,,true,,,true,,,true,,,,,,true,,,,,,true,,,,,,,,true,,,,
Derek,Ryan,,,,,,,,83,80,,,,,80,87,89,84,87,,88,83,83,84,86,78,85,83,83,87,80,83,85,83,85,78,65,80,,,,,,,,,,,,,,,,,,,,,,,,,,,,,,,,
Jesse,Puljujarvi,,,,,,,,85,80,,,,,83,87,78,85,88,,88,86,86,84,65,75,84,83,86,88,87,85,87,86,87,83,65,87,,,,,,,,,,,,,,,,,,,,,,,,,,,,,,,,
Vincent,Desharnais,,,,,,,,--,--,,,,,--,--,--,--,--,,--,--,--,--,--,--,--,--,--,--,--,--,--,--,--,--,--,--,,,,,,,,,,,,,,,,,,,,,,,,,,,,,,,,
Kailer,Yamamoto,,,,,,,,88,80,,,,,75,92,85,83,90,,91,87,88,84,65,75,84,85,87,91,83,87,87,87,86,75,60,83,,,,,,,,,,,,,,,,,,,,,,,,,,,,,,,,
Klim,Kostin,,,,,,,,80,70,,,,,85,85,85,83,85,,84,82,80,80,73,75,86,75,80,85,88,81,88,82,88,87,85,88,,,,,,,,,,,,,,,,,,,,,,,,,,,,,,,,
Ryan,McLeod,,,,,,,,80,70,,,,,84,87,85,80,87,,83,80,80,80,75,80,85,83,80,87,85,79,87,80,87,85,70,85,,,,,,,,,,,,,,,,,,,,,,,,,,,,,,,,
Evan,Bouchard,,,,,,,,85,75,,,,,80,85,85,85,85,,84,81,85,84,55,84,83,85,85,85,85,80,90,81,88,80,70,85,,,,,,,,,,,,,,,,,,,,,,,,,,,,,,,,
Philip,Broberg,,,,,,,,--,--,,,,,--,--,--,--,--,,--,--,--,--,--,--,--,--,--,--,--,--,--,--,--,--,--,--,,,,,,,,,,,,,,,,,,,,,,,,,,,,,,,,
Oliver,Ekman-Larsson,,,,,,,,92,85,,,,,83,89,85,90,90,,86,84,90,89,55,85,89,85,90,89,86,82,90,83,90,85,65,86,,,,,,,,,,,,,,,,,,,,,,,,,,,,,,,,
Tanner,Pearson,,,,,,,,85,80,,,,,84,86,85,85,88,,85,85,85,85,65,81,86,85,85,87,85,85,86,85,86,85,75,86,,,,,,,,,,,,,,,,,,,,,,,,,,,,,,,,
Tucker,Poolman,,,,,,,,79,75,,,,,85,82,85,85,84,,74,74,79,83,55,87,87,80,80,83,87,75,87,75,87,87,75,88,,,,,,,,,,,,,,,,,,,,,,,,,,,,,,,,
Curtis,Lazar,,,,,,,,82,75,,,,,85,85,83,83,85,,83,82,82,81,78,82,85,80,81,85,85,82,85,82,85,84,70,85,,,,,,,,,,,,,,,,,,,,,,,,,,,,,,,,
Thatcher,Demko,88,88,89,87,90,87,90,85,80,85,83,88,90,88,90,80,87,90,88,,,,,,,,,,,,,,,,,,,,,,,,,,,,,,,,,,,,,,,,,,,,,,,,,,
Travis,Dermott,,,,,,,,86,80,,,,,85,87,85,87,88,,85,80,84,87,55,85,86,80,84,88,85,78,87,78,87,85,70,85,,,,,,,,,,,,,,,,,,,,,,,,,,,,,,,,
Ilya,Mikheyev,,,,,,,,84,80,,,,,83,87,85,83,87,,84,84,84,83,60,77,87,84,83,87,87,83,87,83,87,85,75,87,,,,,,,,,,,,,,,,,,,,,,,,,,,,,,,,
Justin,Dowling,,,,,,,,82,75,,,,,85,87,85,83,85,,85,82,82,82,75,83,86,80,82,87,84,82,87,82,86,82,75,83,,,,,,,,,,,,,,,,,,,,,,,,,,,,,,,,
Spencer,Martin,--,--,--,--,--,--,--,--,--,--,--,--,--,--,--,--,--,--,--,,,,,,,,,,,,,,,,,,,,,,,,,,,,,,,,,,,,,,,,,,,,,,,,,,
Jack,Rathbone,,,,,,,,84,75,,,,,82,87,85,84,87,,85,80,84,84,60,80,84,85,84,87,85,80,86,81,86,79,70,85,,,,,,,,,,,,,,,,,,,,,,,,,,,,,,,,
Luke,Schenn,,,,,,,,80,75,,,,,90,82,90,85,83,,74,74,79,80,55,87,86,70,77,82,90,74,88,76,87,90,80,90,,,,,,,,,,,,,,,,,,,,,,,,,,,,,,,,
Tyler,Myers,,,,,,,,84,80,,,,,88,84,88,88,87,,77,77,84,86,55,88,90,77,82,87,91,74,91,75,90,88,80,90,,,,,,,,,,,,,,,,,,,,,,,,,,,,,,,,
J.T.,Miller,,,,,,,,88,85,,,,,87,87,87,85,88,,87,87,88,87,84,84,89,80,89,87,88,87,87,89,87,87,75,88,,,,,,,,,,,,,,,,,,,,,,,,,,,,,,,,
Kyle,Burroughs,,,,,,,,--,--,,,,,--,--,--,--,--,,--,--,--,--,--,--,--,--,--,--,--,--,--,--,--,--,--,--,,,,,,,,,,,,,,,,,,,,,,,,,,,,,,,,
Dakota,Joshua,,,,,,,,--,--,,,,,--,--,--,--,--,,--,--,--,--,--,--,--,--,--,--,--,--,--,--,--,--,--,--,,,,,,,,,,,,,,,,,,,,,,,,,,,,,,,,
Brock,Boeser,,,,,,,,89,85,,,,,84,89,82,88,89,,88,90,90,86,70,80,88,85,90,89,87,89,90,82,92,84,67,87,,,,,,,,,,,,,,,,,,,,,,,,,,,,,,,,
Ethan,Bear,,,,,,,,85,80,,,,,85,86,85,87,87,,85,80,85,86,55,87,87,85,85,87,86,80,87,80,87,85,75,86,,,,,,,,,,,,,,,,,,,,,,,,,,,,,,,,
Anthony,Beauvillier,,,,,,,,86,80,,,,,83,86,85,85,87,,85,85,86,87,65,83,86,80,87,87,85,85,86,87,85,85,70,85,,,,,,,,,,,,,,,,,,,,,,,,,,,,,,,,
Christian,Wolanin,,,,,,,,--,--,,,,,--,--,--,--,--,,--,--,--,--,--,--,--,--,--,--,--,--,--,--,--,--,--,--,,,,,,,,,,,,,,,,,,,,,,,,,,,,,,,,
Conor,Garland,,,,,,,,89,80,,,,,83,90,85,85,90,,90,88,90,87,65,80,85,85,90,90,82,87,86,89,86,82,75,82,,,,,,,,,,,,,,,,,,,,,,,,,,,,,,,,
Riley,Stillman,,,,,,,,77,75,,,,,85,84,85,83,84,,75,72,77,82,60,84,84,70,79,84,85,76,86,74,86,85,75,85,,,,,,,,,,,,,,,,,,,,,,,,,,,,,,,,
Elias,Pettersson,,,,,,,,92,85,,,,,80,90,85,87,89,,92,92,92,88,77,81,88,83,93,89,85,90,91,90,90,80,65,85,,true,,true,true,true,,,,,,,,true,,,,,,,,,,,,true,,,,,,
Jack,Studnicka,,,,,,,,--,--,,,,,--,--,--,--,--,,--,--,--,--,--,--,--,--,--,--,--,--,--,--,--,--,--,--,,,,,,,,,,,,,,,,,,,,,,,,,,,,,,,,
Sheldon,Dries,,,,,,,,--,--,,,,,--,--,--,--,--,,--,--,--,--,--,--,--,--,--,--,--,--,--,--,--,--,--,--,,,,,,,,,,,,,,,,,,,,,,,,,,,,,,,,
Collin,Delia,--,--,--,--,--,--,--,--,--,--,--,--,--,--,--,--,--,--,--,,,,,,,,,,,,,,,,,,,,,,,,,,,,,,,,,,,,,,,,,,,,,,,,,,
Quinn,Hughes,,,,,,,,93,85,,,,,81,93,85,87,93,,93,86,93,87,55,85,91,88,93,93,84,86,88,86,88,80,73,84,,,,,,,,,,,,,,,,,,,,,,,,,,,,,,,,
Vasily,Podkolzin,,,,,,,,--,--,,,,,--,--,--,--,--,,--,--,--,--,--,--,--,--,--,--,--,--,--,--,--,--,--,--,,,,,,,,,,,,,,,,,,,,,,,,,,,,,,,,
Arturs,Silovs,--,--,--,--,--,--,--,--,--,--,--,--,--,--,--,--,--,--,--,,,,,,,,,,,,,,,,,,,,,,,,,,,,,,,,,,,,,,,,,,,,,,,,,,
Adam,Henrique,,,,,,,,86,80,,,,,82,87,90,86,87,,87,87,87,86,83,83,87,85,84,87,85,85,87,86,87,83,70,85,,,,,,,,,,,,,,,,,,,,,,,,,,,,,,,,
Urho,Vaakanainen,,,,,,,,--,--,,,,,--,--,--,--,--,,--,--,--,--,--,--,--,--,--,--,--,--,--,--,--,--,--,--,,,,,,,,,,,,,,,,,,,,,,,,,,,,,,,,
Jamie,Drysdale,,,,,,,,86,75,,,,,80,89,85,83,89,,88,80,86,85,55,84,85,85,85,89,83,81,88,82,87,80,65,83,,,,,,,,,,,,,,,,,,,,,,,,,,,,,,,,
Kevin,Shattenkirk,,,,,,,,90,85,,,,,82,89,83,89,89,,87,82,90,86,55,84,88,85,88,89,86,82,88,83,88,84,65,85,,,,,,,,,,,,,,,,,,,,,,,,,,,,,,,,
Derek,Grant,,,,,,,,83,80,,,,,82,84,87,84,85,,83,83,83,83,81,81,84,85,83,84,85,82,85,83,85,82,70,85,,,,,,,,,,,,,,,,,,,,,,,,,,,,,,,,
Jakob,Silfverberg,,,,,,,,85,80,,,,,82,89,85,86,88,,88,87,85,87,65,75,88,88,86,89,85,86,85,87,85,82,65,85,,,,,,,,,,,,,,,,,,,,,,,,,,,,,,,,
Dmitry,Kulikov,,,,,,,,81,80,,,,,85,85,80,87,85,,77,75,81,86,55,86,88,85,81,85,85,74,87,77,86,85,75,85,,,,,,,,,,,,,,,,,,,,,,,,,,,,,,,,
Cam,Fowler,,,,,,,,89,80,,,,,82,89,78,92,89,,85,83,90,87,55,86,88,90,88,88,88,83,89,83,88,82,70,88,,,,,,,,,,,,,,,,,,,,,,,,,,,,,,,,
Sam,Carrick,,,,,,,,--,--,,,,,--,--,--,--,--,,--,--,--,--,--,--,--,--,--,--,--,--,--,--,--,--,--,--,,,,,,,,,,,,,,,,,,,,,,,,,,,,,,,,
John,Klingberg,,,,,,,,91,85,,,,,80,90,83,88,90,,90,85,89,89,55,85,91,84,90,90,85,84,90,85,90,83,65,85,,,,,,,,,,,,,,,,,,,,,,,,,,,,,,,,
John,Gibson,92,91,90,90,91,89,91,84,90,85,83,92,92,91,88,75,85,89,91,,,,,,,,,,,,,,,,,,,,,,,,,,,,,,,,,,,,,,,,,,,,,,,,,,
Nathan,Beaulieu,,,,,,,,80,80,,,,,85,85,83,85,88,,77,77,80,83,55,85,86,85,77,85,87,77,86,78,86,85,70,87,,,,,,,,,,,,,,,,,,,,,,,,,,,,,,,,
Anthony,Stolarz,85,84,85,84,85,83,85,82,75,83,80,85,85,85,85,85,85,89,85,,,,,,,,,,,,,,,,,,,,,,,,,,,,,,,,,,,,,,,,,,,,,,,,,,
Jayson,Megna,,,,,,,,--,--,,,,,--,--,--,--,--,,--,--,--,--,--,--,--,--,--,--,--,--,--,--,--,--,--,--,,,,,,,,,,,,,,,,,,,,,,,,,,,,,,,,
Frank,Vatrano,,,,,,,,85,80,,,,,85,86,85,85,86,,86,86,85,85,65,80,85,80,85,86,85,85,87,86,86,85,70,85,,,,,,,,,,,,,,,,,,,,,,,,,,,,,,,,
Colton,White,,,,,,,,--,--,,,,,--,--,--,--,--,,--,--,--,--,--,--,--,--,--,--,--,--,--,--,--,--,--,--,,,,,,,,,,,,,,,,,,,,,,,,,,,,,,,,
Troy,Terry,,,,,,,,85,75,,,,,83,87,85,84,87,,87,85,85,85,70,80,85,82,85,87,84,84,86,84,85,84,70,84,,,,,,,,,,,,,,,,,,,,,,,,,,,,,,,,
Max,Jones,,,,,,,,83,80,,,,,89,84,85,83,88,,83,84,83,72,65,77,87,75,82,87,89,84,88,84,88,89,80,89,,,,,,,,,,,,,,,,,,,,,,,,,,,,,,,,
Max,Comtois,,,,,,,,86,80,,,,,88,86,85,83,85,,84,87,87,86,70,80,88,87,88,85,88,87,88,87,87,88,80,88,,,,,,,,,,,,,,,,,,,,,,,,,,,,,,,,
Isac,Lundestrom,,,,,,,,81,75,,,,,80,86,85,83,87,,86,83,81,82,78,80,83,85,81,87,84,83,85,83,85,80,65,84,,,,,,,,,,,,,,,,,,,,,,,,,,,,,,,,
Lukas,Dostal,--,--,--,--,--,--,--,--,--,--,--,--,--,--,--,--,--,--,--,,,,,,,,,,,,,,,,,,,,,,,,,,,,,,,,,,,,,,,,,,,,,,,,,,
Simon,Benoit,,,,,,,,--,--,,,,,--,--,--,--,--,,--,--,--,--,--,--,--,--,--,--,--,--,--,--,--,--,--,--,,,,,,,,,,,,,,,,,,,,,,,,,,,,,,,,
Brett,Leason,,,,,,,,--,--,,,,,--,--,--,--,--,,--,--,--,--,--,--,--,--,--,--,--,--,--,--,--,--,--,--,,,,,,,,,,,,,,,,,,,,,,,,,,,,,,,,
Trevor,Zegras,,,,,,,,88,75,,,,,80,88,85,83,88,,89,85,88,84,73,75,85,85,88,88,83,85,86,85,87,77,65,83,,,,,,,,,,,,,,,,,,,,,,,,,,,,,,,,
Mason,McTavish,,,,,,,,--,--,,,,,--,--,--,--,--,,--,--,--,--,--,--,--,--,--,--,--,--,--,--,--,--,--,--,,,,,,,,,,,,,,,,,,,,,,,,,,,,,,,,
Ryan,Suter,,,,,,,,85,85,,,,,85,86,85,90,86,,80,78,85,89,55,89,89,84,85,86,88,78,89,79,88,87,75,88,,,,,,,,,,,,,,,,,,,,,,,,,,,,,,,,
Joe,Pavelski,,,,,,,,89,90,,,,,80,87,80,85,85,,87,96,90,88,81,80,89,88,91,85,86,88,87,89,87,82,75,85,,,,,,,,,,,,,,,,,,,,,,,,,,,,,,,,
Jamie,Benn,,,,,,,,87,85,,,,,88,85,85,87,86,,85,87,87,87,77,82,88,80,87,86,90,87,89,87,89,89,75,90,,,,,,,,,,,,,,,,,,,,,,,,,,,,,,,,
Evgenii,Dadonov,,,,,,,,88,80,,,,,81,88,90,88,89,,89,89,88,85,65,83,85,90,86,89,85,87,89,87,89,80,65,85,,,,,,,,,,,,,,,,,,,,,,,,,,,,,,,,
Tyler,Seguin,,,,,,,,91,85,,,,,83,91,80,87,91,,92,91,91,85,80,80,86,83,91,91,87,90,92,91,92,83,65,87,,,,,,,,,,,,,,,,,,,,,,,,,,,,,,,,
Scott,Wedgewood,--,--,--,--,--,--,--,--,--,--,--,--,--,--,--,--,--,--,--,,,,,,,,,,,,,,,,,,,,,,,,,,,,,,,,,,,,,,,,,,,,,,,,,,
Colin,Miller,,,,,,,,86,80,,,,,85,88,83,85,88,,88,83,86,85,55,85,86,80,85,88,85,81,87,83,87,83,70,85,,,,,,,,,,,,,,,,,,,,,,,,,,,,,,,,
Luke,Glendening,,,,,,,,81,80,,,,,85,85,87,85,88,,81,81,81,87,90,87,87,84,82,88,85,81,86,81,85,85,75,85,,,,,,,,,,,,,,,,,,,,,,,,,,,,,,,,
Radek,Faksa,,,,,,,,84,80,,,,,87,84,85,85,85,,84,84,84,83,78,84,88,80,83,85,88,82,88,83,87,87,70,88,,,,,,,,,,,,,,,,,,,,,,,,,,,,,,,,
Esa,Lindell,,,,,,,,86,80,,,,,85,85,85,88,86,,82,80,84,87,55,88,89,83,84,86,87,77,88,80,87,87,70,88,,,,,,,,,,,,,,,,,,,,,,,,,,,,,,,,
Joel,Hanley,,,,,,,,80,75,,,,,83,85,85,85,87,,80,75,80,82,55,85,82,84,80,85,85,75,86,76,86,84,70,85,,,,,,,,,,,,,,,,,,,,,,,,,,,,,,,,
Roope,Hintz,,,,,,,,88,80,,,,,86,87,85,87,88,,87,88,88,87,80,84,88,85,88,87,88,88,88,89,88,88,70,88,,,,,,,,,,,,,,,,,,,,,,,,,,,,,,,,
Mason,Marchment,,,,,,,,--,--,,,,,--,--,--,--,--,,--,--,--,--,--,--,--,--,--,--,--,--,--,--,--,--,--,--,,,,,,,,,,,,,,,,,,,,,,,,,,,,,,,,
Jake,Oettinger,--,--,--,--,--,--,--,--,--,--,--,--,--,--,--,--,--,--,--,,,,,,,,,,,,,,,,,,,,,,,,,,,,,,,,,,,,,,,,,,,,,,,,,,
Jason,Robertson,,,,,,,,88,80,,,,,85,87,85,85,85,,88,88,88,85,67,80,87,85,89,85,88,88,90,89,90,85,75,88,,,,,,,,,,,,,,,,,,,,,,,,,,,,,,,,
Miro,Heiskanen,,,,,,,,88,85,,,,,82,88,90,93,87,,84,82,88,90,55,90,89,85,89,87,85,85,87,85,87,82,65,85,,,,,,,,,,,,,,,,,,,,,,,,,,,,,,,,
Ty,Dellandrea,,,,,,,,--,--,,,,,--,--,--,--,--,,--,--,--,--,--,--,--,--,--,--,--,--,--,--,--,--,--,--,,,,,,,,,,,,,,,,,,,,,,,,,,,,,,,,
Nils,Lundkvist,,,,,,,,--,--,,,,,--,--,--,--,--,,--,--,--,--,--,--,--,--,--,--,--,--,--,--,--,--,--,--,,,,,,,,,,,,,,,,,,,,,,,,,,,,,,,,
Joel,Kiviranta,,,,,,,,83,80,,,,,78,87,85,80,87,,87,83,84,81,70,75,85,82,83,87,83,83,87,84,87,78,65,83,,,,,,,,,,,,,,,,,,,,,,,,,,,,,,,,
Carl,Grundstrom,,,,,,,,83,75,,,,,86,85,85,85,85,,83,83,83,83,70,75,85,80,83,85,87,83,87,83,87,86,70,87,,,,,,,,,,,,,,,,,,,,,,,,,,,,,,,,
Samuel,Fagemo,,,,,,,,--,--,,,,,--,--,--,--,--,,--,--,--,--,--,--,--,--,--,--,--,--,--,--,--,--,--,--,,,,,,,,,,,,,,,,,,,,,,,,,,,,,,,,
Alex,Turcotte,,,,,,,,--,--,,,,,--,--,--,--,--,,--,--,--,--,--,--,--,--,--,--,--,--,--,--,--,--,--,--,,,,,,,,,,,,,,,,,,,,,,,,,,,,,,,,
Alexander,Edler,,,,,,,,80,85,,,,,85,84,75,85,84,,78,77,80,88,55,88,88,83,80,84,88,75,88,77,87,85,80,88,,,,,,,,,,,,,,,,,,,,,,,,,,,,,,,,
Anze,Kopitar,,,,,,,,91,90,,,,,85,87,85,90,87,,90,90,91,92,89,87,92,90,91,87,90,89,92,90,92,87,70,90,,,,,,,,,,,,,,,,,,,,,,,,,,,,,,,,
Jonathan,Quick,86,86,86,85,86,85,86,84,85,86,80,86,86,87,86,77,83,86,86,,,,,,,,,,,,,,,,,,,,,,,,,,,,,,,,,,,,,,,,,,,,,,,,,,
Drew,Doughty,,,,,,,,89,90,,,,,85,88,85,90,88,,88,85,90,90,55,90,90,80,88,88,88,84,90,85,89,85,75,88,,,,,,,,,,,,,,,,,,,,,,,,,,,,,,,,
Phillip,Danault,,,,,,,,87,80,,,,,85,87,85,88,87,,86,85,87,89,86,85,89,83,87,87,87,85,87,85,87,87,75,87,,,,,,,,,,,,,,,,,,,,,,,,,,,,,,,,
Pheonix,Copley,--,--,--,--,--,--,--,--,--,--,--,--,--,--,--,--,--,--,--,,,,,,,,,,,,,,,,,,,,,,,,,,,,,,,,,,,,,,,,,,,,,,,,,,
Kevin,Fiala,,,,,,,,88,80,,,,,84,90,85,86,90,,90,89,88,86,65,80,87,84,88,90,85,86,88,89,87,83,65,85,,,,,,,,,,,,,,,,,,,,,,,,,,,,,,,,
Adrian,Kempe,,,,,,,,88,80,,,,,85,88,89,85,88,,87,87,88,85,75,81,87,80,86,88,87,86,87,86,87,85,75,87,,,,,,,,,,,,,,,,,,,,,,,,,,,,,,,,
Brendan,Lemieux,,,,,,,,81,75,,,,,90,84,90,82,84,,83,83,81,83,65,84,87,60,81,84,87,80,87,82,87,88,80,88,,,,,,,,,,,,,,,,,,,,,,,,,,,,,,,,
Viktor,Arvidsson,,,,,,,,87,80,,,,,80,90,75,85,90,,88,88,87,85,65,80,85,84,87,90,83,88,88,88,88,80,65,83,,,,,,,,,,,,,,,,,,,,,,,,,,,,,,,,
Matt,Roy,,,,,,,,80,80,,,,,86,85,90,88,85,,75,75,80,86,55,85,87,80,79,85,87,77,87,78,87,86,80,87,,,,,,,,,,,,,,,,,,,,,,,,,,,,,,,,
Trevor,Moore,,,,,,,,84,80,,,,,80,87,85,83,88,,87,84,84,84,67,76,83,87,84,87,80,85,86,85,86,75,65,80,,,,,,,,,,,,,,,,,,,,,,,,,,,,,,,,
Jaret,Anderson-Dolan,,,,,,,,81,75,,,,,85,87,85,84,87,,84,82,81,81,75,81,83,83,82,87,85,84,87,84,86,85,70,85,,,,,,,,,,,,,,,,,,,,,,,,,,,,,,,,
Mikey,Anderson,,,,,,,,84,75,,,,,85,87,85,85,87,,80,80,82,86,60,85,88,80,83,87,85,79,85,81,87,85,75,85,,,,,,,,,,,,,,,,,,,,,,,,,,,,,,,,
Gabriel,Vilardi,,,,,,,,86,80,,,,,85,86,80,85,85,,87,86,86,85,75,80,87,85,85,85,88,85,88,86,88,86,70,88,,,,,,,,,,,,,,,,,,,,,,,,,,,,,,,,
Alex,Iafallo,,,,,,,,86,80,,,,,80,87,85,85,87,,87,86,86,86,70,80,86,85,86,87,85,85,87,86,87,85,70,85,,,,,,,,,,,,,,,,,,,,,,,,,,,,,,,,
Sean,Walker,,,,,,,,85,80,,,,,84,87,85,87,87,,85,80,84,86,55,85,86,80,84,87,86,90,87,80,87,85,70,86,,,,,,,,,,,,,,,,,,,,,,,,,,,,,,,,
Sean,Durzi,,,,,,,,--,--,,,,,--,--,--,--,--,,--,--,--,--,--,--,--,--,--,--,--,--,--,--,--,--,--,--,,,,,,,,,,,,,,,,,,,,,,,,,,,,,,,,
Rasmus,Kupari,,,,,,,,--,--,,,,,--,--,--,--,--,,--,--,--,--,--,--,--,--,--,--,--,--,--,--,--,--,--,--,,,,,,,,,,,,,,,,,,,,,,,,,,,,,,,,
Blake,Lizotte,,,,,,,,85,75,,,,,76,88,90,84,88,,88,84,85,81,79,72,84,21,84,88,80,83,85,83,85,77,70,82,,,,,,,,,,,,,,,,,,,,,,,,,,,,,,,,
Arthur,Kaliyev,,,,,,,,--,--,,,,,--,--,--,--,--,,--,--,--,--,--,--,--,--,--,--,--,--,--,--,--,--,--,--,,,,,,,,,,,,,,,,,,,,,,,,,,,,,,,,
Tobias,Bjornfot,,,,,,,,81,75,,,,,84,86,85,85,87,,83,77,81,82,55,85,86,85,80,86,84,77,86,79,86,85,70,85,,,,,,,,,,,,,,,,,,,,,,,,,,,,,,,,
Markus,Nutivaara,,,,,,,,81,80,,,,,85,85,85,85,85,,77,75,81,86,55,87,89,85,81,85,87,75,87,76,87,86,70,87,,,,,,,,,,,,,,,,,,,,,,,,,,,,,,,,
Luke,Kunin,,,,,,,,86,80,,,,,85,87,87,85,85,,85,85,86,84,75,82,85,80,86,87,85,85,87,85,87,85,72,85,,,,,,,,,,,,,,,,,,,,,,,,,,,,,,,,
Jonah,Gadjovich,,,,,,,,78,75,,,,,88,82,85,82,83,,78,80,77,76,65,75,86,75,78,82,88,77,87,80,86,85,80,89,,,,,,,,,,,,,,,,,,,,,,,,,,,,,,,,
Marc-Edouard,Vlasic,,,,,,,,81,85,,,,,84,85,85,87,85,,78,76,80,87,55,88,88,85,79,85,85,75,86,76,86,85,75,85,,,,,,,,,,,,,,,,,,,,,,,,,,,,,,,,
James,Reimer,86,85,86,85,86,85,86,86,85,85,85,86,87,87,88,85,85,87,86,,,,,,,,,,,,,,,,,,,,,,,,,,,,,,,,,,,,,,,,,,,,,,,,,,
Nick,Bonino,,,,,,,,84,85,,,,,83,87,88,86,88,,85,84,84,85,81,84,87,88,84,87,85,84,87,83,87,83,75,85,,,,,,,,,,,,,,,,,,,,,,,,,,,,,,,,
Logan,Couture,,,,,,,,89,85,,,,,82,90,89,88,90,,90,89,89,88,75,82,87,87,89,90,85,87,87,88,87,82,70,85,,,,,,,,,,,,,,,,,,,,,,,,,,,,,,,,
Erik,Karlsson,,,,,,,,92,85,,,,,80,88,75,88,89,,90,86,90,88,55,85,88,85,90,89,86,85,89,85,89,82,65,86,,,,,,,,,,,,,,,,,,,,,,,,,,,,,,,,
Scott,Harrington,,,,,,,,80,75,,,,,86,83,88,84,83,,74,72,77,83,55,87,85,75,76,83,87,72,85,75,84,87,77,87,,,,,,,,,,,,,,,,,,,,,,,,,,,,,,,,
Tomas,Hertl,,,,,,,,89,85,,,,,83,89,87,88,88,,90,88,89,87,82,76,87,82,89,88,89,88,89,88,88,85,65,89,,,,,,,,,,,,,,,,,,,,,,,,,,,,,,,,
Matt,Benning,,,,,,,,80,75,,,,,87,84,85,85,84,,75,75,80,85,55,87,87,79,80,84,87,75,86,75,85,87,75,87,,,,,,,,,,,,,,,,,,,,,,,,,,,,,,,,
Kaapo,Kahkonen,88,87,87,86,86,86,86,80,85,84,80,86,86,86,87,85,85,87,87,,,,,,,,,,,,,,,,,,,,,,,,,,,,,,,,,,,,,,,,,,,,,,,,,,
Oskar,Lindblom,,,,,,,,85,75,,,,,85,86,90,84,85,,85,85,85,86,65,80,88,90,85,85,87,85,87,85,87,85,70,87,,,,,,,,,,,,,,,,,,,,,,,,,,,,,,,,
Kevin,Labanc,,,,,,,,86,85,,,,,80,88,85,84,88,,85,85,86,86,65,82,86,83,87,88,85,85,87,85,86,83,70,85,,,,,,,,,,,,,,,,,,,,,,,,,,,,,,,,
Timo,Meier,,,,,,,,88,85,,,,,88,86,88,87,86,,87,88,88,87,65,81,88,75,89,86,88,87,88,88,88,86,75,88,,,,,,,,,,,,,,,,,,,,,,,,,,,,,,,,
Evgeny,Svechnikov,,,,,,,,--,--,,,,,--,--,--,--,--,,--,--,--,--,--,--,--,--,--,--,--,--,--,--,--,--,--,--,,,,,,,,,,,,,,,,,,,,,,,,,,,,,,,,
Steven,Lorentz,,,,,,,,78,75,,,,,85,82,85,83,84,,80,80,78,80,80,81,84,80,80,83,87,78,85,79,85,86,75,88,,,,,,,,,,,,,,,,,,,,,,,,,,,,,,,,
Noah,Gregor,,,,,,,,--,--,,,,,--,--,--,--,--,,--,--,--,--,--,--,--,--,--,--,--,--,--,--,--,--,--,--,,,,,,,,,,,,,,,,,,,,,,,,,,,,,,,,
Jacob,MacDonald,,,,,,,,--,--,,,,,--,--,--,--,--,,--,--,--,--,--,--,--,--,--,--,--,--,--,--,--,--,--,--,,,,,,,,,,,,,,,,,,,,,,,,,,,,,,,,
Mario,Ferraro,,,,,,,,83,80,,,,,85,87,85,85,87,,83,79,83,87,55,85,88,83,82,87,85,78,87,80,87,85,70,85,,,,,,,,,,,,,,,,,,,,,,,,,,,,,,,,
Radim,Simek,,,,,,,,80,80,,,,,83,86,80,87,86,,83,78,80,85,55,85,86,77,80,86,85,79,86,78,85,85,67,85,,,,,,,,,,,,,,,,,,,,,,,,,,,,,,,,
Nico,Sturm,,,,,,,,80,75,,,,,84,83,85,85,83,,80,80,80,80,77,75,81,83,81,83,87,80,87,80,86,82,70,85,,,,,,,,,,,,,,,,,,,,,,,,,,,,,,,,
Alexander,Barabanov,,,,,,,,82,70,,,,,82,86,85,82,87,,83,80,82,78,67,73,84,80,80,87,85,80,86,80,86,75,67,85,,,,,,,,,,,,,,,,,,,,,,,,,,,,,,,,
Jakub,Voracek,,,,,,,,89,85,,,,,82,89,85,87,88,,90,87,89,85,65,80,87,87,89,88,88,85,89,86,89,83,75,88,,,,,,,,,,,,,,,,,,,,,,,,,,,,,,,,
Gustav,Nyquist,,,,,,,,88,80,,,,,80,90,80,88,90,,90,90,88,86,65,74,85,85,88,90,83,87,87,88,87,80,65,83,,,,,,,,,,,,,,,,,,,,,,,,,,,,,,,,
Zach,Werenski,,,,,,,,88,85,,,,,85,87,85,90,88,,81,81,88,91,55,89,90,80,88,88,87,81,88,82,87,87,77,88,,,,,,,,,,,,,,,,,,,,,,,,,,,,,,,,
Jake,Bean,,,,,,,,87,80,,,,,82,88,85,85,88,,89,82,87,86,58,84,85,85,86,88,83,81,88,82,87,80,65,83,,,,,,,,,,,,,,,,,,,,,,,,,,,,,,,,
Carson,Meyer,,,,,,,,--,--,,,,,--,--,--,--,--,,--,--,--,--,--,--,--,--,--,--,--,--,--,--,--,--,--,--,,,,,,,,,,,,,,,,,,,,,,,,,,,,,,,,
Erik,Gudbranson,,,,,,,,75,75,,,,,88,77,85,87,78,,71,71,74,80,55,89,85,70,70,78,90,70,88,70,87,90,80,90,,,,,,,,,,,,,,,,,,,,,,,,,,,,,,,,
Johnny,Gaudreau,,,,,,,,92,85,,,,,80,93,90,87,93,,95,89,92,85,65,77,87,95,92,93,84,89,88,89,89,75,65,82,,,,,,,,,,,,,,,,,,,,,,,,,,,,,,,,
Sean,Kuraly,,,,,,,,82,80,,,,,87,85,85,83,85,,83,82,82,84,82,84,87,75,82,85,87,82,87,81,87,87,75,87,,,,,,,,,,,,,,,,,,,,,,,,,,,,,,,,
Boone,Jenner,,,,,,,,85,80,,,,,88,85,85,85,85,,84,84,85,87,83,84,88,80,85,85,88,84,85,84,85,88,80,88,,,,,,,,,,,,,,,,,,,,,,,,,,,,,,,,
Joonas,Korpisalo,87,86,87,84,85,84,85,83,80,85,80,86,85,87,88,85,84,88,87,,,,,,,,,,,,,,,,,,,,,,,,,,,,,,,,,,,,,,,,,,,,,,,,,,
Elvis,Merzlikins,89,89,88,87,88,85,88,82,85,85,85,87,87,89,89,85,87,89,89,,,,,,,,,,,,,,,,,,,,,,,,,,,,,,,,,,,,,,,,,,,,,,,,,,
Jack,Roslovic,,,,,,,,87,80,,,,,84,88,85,85,88,,88,87,87,86,72,80,86,90,87,88,85,87,87,87,87,85,75,85,,,,,,,,,,,,,,,,,,,,,,,,,,,,,,,,
Vladislav,Gavrikov,,,,,,,,80,80,,,,,85,83,85,85,84,,77,75,80,85,55,87,87,83,80,84,89,74,87,75,87,87,80,89,,,,,,,,,,,,,,,,,,,,,,,,,,,,,,,,
Lane,Pederson,,,,,,,,--,--,,,,,--,--,--,--,--,,--,--,--,--,--,--,--,--,--,--,--,--,--,--,--,--,--,--,,,,,,,,,,,,,,,,,,,,,,,,,,,,,,,,
Patrik,Laine,,,,,,,,88,80,,,,,82,87,90,87,87,,91,94,91,83,65,75,85,85,91,87,88,92,94,93,93,80,65,87,,,,,,,,,,,,,,,,,,,,,,,,,,,,,,,,
Andrew,Peeke,,,,,,,,80,75,,,,,84,80,85,85,82,,76,72,77,83,50,82,85,77,75,82,87,70,87,72,86,84,80,88,,,,,,,,,,,,,,,,,,,,,,,,,,,,,,,,
Mathieu,Olivier,,,,,,,,--,--,,,,,--,--,--,--,--,,--,--,--,--,--,--,--,--,--,--,--,--,--,--,--,--,--,--,,,,,,,,,,,,,,,,,,,,,,,,,,,,,,,,
Gavin,Bayreuther,,,,,,,,--,--,,,,,--,--,--,--,--,,--,--,--,--,--,--,--,--,--,--,--,--,--,--,--,--,--,--,,,,,,,,,,,,,,,,,,,,,,,,,,,,,,,,
Emil,Bemstrom,,,,,,,,84,75,,,,,80,87,85,83,88,,87,84,85,80,60,75,83,85,84,88,82,85,87,85,87,77,65,83,,,,,,,,,,,,,,,,,,,,,,,,,,,,,,,,
Eric,Robinson,,,,,,,,83,75,,,,,84,84,85,84,85,,82,82,83,83,65,80,85,85,83,84,87,83,86,83,87,85,70,87,,,,,,,,,,,,,,,,,,,,,,,,,,,,,,,,
Liam,Foudy,,,,,,,,--,--,,,,,--,--,--,--,--,,--,--,--,--,--,--,--,--,--,--,--,--,--,--,--,--,--,--,,,,,,,,,,,,,,,,,,,,,,,,,,,,,,,,
Adam,Boqvist,,,,,,,,88,75,,,,,80,90,85,85,90,,89,83,88,86,55,84,87,85,88,90,83,82,87,83,87,80,60,83,,,,,,,,,,,,,,,,,,,,,,,,,,,,,,,,
Tim,Berni,,,,,,,,--,--,,,,,--,--,--,--,--,,--,--,--,--,--,--,--,--,--,--,--,--,--,--,--,--,--,--,,,,,,,,,,,,,,,,,,,,,,,,,,,,,,,,
Billy,Sweezey,,,,,,,,--,--,,,,,--,--,--,--,--,,--,--,--,--,--,--,--,--,--,--,--,--,--,--,--,--,--,--,,,,,,,,,,,,,,,,,,,,,,,,,,,,,,,,
Cole,Sillinger,,,,,,,,--,--,,,,,--,--,--,--,--,,--,--,--,--,--,--,--,--,--,--,--,--,--,--,--,--,--,--,,,,,,,,,,,,,,,,,,,,,,,,,,,,,,,,
Jonas,Brodin,,,,,,,,85,85,,,,,83,87,88,90,88,,85,79,85,88,55,90,90,95,84,88,87,--,87,78,87,83,70,87,,,,,,,,,,,,,,,,,,,,,,,,,,,,,,,,
Marc-Andre,Fleury,92,91,90,90,92,89,92,86,90,88,85,92,92,90,89,75,85,89,91,,,,,,,,,,,,,,,,,,,,,,,,,,,,,,,,,,,,,,,,,,,,,,,,,,
Alex,Goligoski,,,,,,,,87,85,,,,,80,85,80,85,85,,83,77,87,87,55,85,87,85,87,85,84,80,88,80,87,84,75,84,,,,,,,,,,,,,,,,,,,,,,,,,,,,,,,,
Ryan,Reaves,,,,,,,,80,80,,,,,93,83,90,82,84,,80,80,80,80,70,83,88,60,80,84,92,81,87,81,87,92,94,92,,,,,,,,,,,,,,,,,,,,,,,,,,,,,,,,
Jared,Spurgeon,,,,,,,,90,85,,,,,85,90,88,93,90,,90,82,90,89,55,88,92,95,87,90,83,82,87,82,87,85,70,83,,,,,,,,,,,,,,,,,,,,,,,,,,,,,,,,
Marcus,Foligno,,,,,,,,84,85,,,,,89,84,85,85,84,,83,84,84,86,65,84,89,70,84,84,89,84,87,84,87,89,84,89,,,,,,,,,,,,,,,,,,,,,,,,,,,,,,,,
Mats,Zuccarello,,,,,,,,89,85,,,,,80,91,75,89,91,,90,87,89,86,65,80,87,90,88,91,83,87,88,87,88,75,65,83,,,,,,,,,,,,,,,,,,,,,,,,,,,,,,,,
Jon,Merrill,,,,,,,,79,75,,,,,85,83,88,85,83,,75,73,79,86,60,86,85,80,79,83,87,75,86,75,85,85,75,87,,,,,,,,,,,,,,,,,,,,,,,,,,,,,,,,
Matt,Dumba,,,,,,,,88,85,,,,,89,87,80,88,87,,85,80,89,88,55,88,88,75,88,88,88,77,90,80,89,90,65,88,,,,,,,,,,,,,,,,,,,,,,,,,,,,,,,,
Ryan,Hartman,,,,,,,,84,80,,,,,90,85,85,85,86,,84,84,84,84,70,83,86,65,84,86,85,83,87,85,87,85,75,85,,,,,,,,,,,,,,,,,,,,,,,,,,,,,,,,
Dakota,Mermis,,,,,,,,--,--,,,,,--,--,--,--,--,,--,--,--,--,--,--,--,--,--,--,--,--,--,--,--,--,--,--,,,,,,,,,,,,,,,,,,,,,,,,,,,,,,,,
Frederick,Gaudreau,,,,,,,,80,75,,,,,80,85,90,81,85,,82,80,80,81,77,77,83,90,81,85,81,79,85,80,85,80,65,82,,,,,,,,,,,,,,,,,,,,,,,,,,,,,,,,
Jordan,Greenway,,,,,,,,86,80,,,,,88,85,90,85,85,,85,85,86,85,67,80,89,75,86,85,90,85,89,85,88,90,80,90,,,,,,,,,,,,,,,,,,,,,,,,,,,,,,,,
Kirill,Kaprizov,,,,,,,,92,85,,,,,80,90,87,87,90,,93,92,92,87,65,75,90,85,92,90,87,92,87,92,89,80,68,87,,,,,,,,,,,,,,,,,,,,,,,,,,,,,,,,
Sam,Steel,,,,,,,,86,75,,,,,80,88,90,85,86,,87,83,86,83,77,80,87,87,86,87,83,84,86,84,86,82,65,83,,,,,,,,,,,,,,,,,,,,,,,,,,,,,,,,
Filip,Gustavsson,--,--,--,--,--,--,--,--,--,--,--,--,--,--,--,--,--,--,--,,,,,,,,,,,,,,,,,,,,,,,,,,,,,,,,,,,,,,,,,,,,,,,,,,
Brandon,Duhaime,,,,,,,,--,--,,,,,--,--,--,--,--,,--,--,--,--,--,--,--,--,--,--,--,--,--,--,--,--,--,--,,,,,,,,,,,,,,,,,,,,,,,,,,,,,,,,
Mason,Shaw,,,,,,,,--,--,,,,,--,--,--,--,--,,--,--,--,--,--,--,--,--,--,--,--,--,--,--,--,--,--,--,,,,,,,,,,,,,,,,,,,,,,,,,,,,,,,,
Calen,Addison,,,,,,,,--,--,,,,,--,--,--,--,--,,--,--,--,--,--,--,--,--,--,--,--,--,--,--,--,--,--,--,,,,,,,,,,,,,,,,,,,,,,,,,,,,,,,,
Connor,Dewar,,,,,,,,--,--,,,,,--,--,--,--,--,,--,--,--,--,--,--,--,--,--,--,--,--,--,--,--,--,--,--,,,,,,,,,,,,,,,,,,,,,,,,,,,,,,,,
Matt,Boldy,,,,,,,,--,--,,,,,--,--,--,--,--,,--,--,--,--,--,--,--,--,--,--,--,--,--,--,--,--,--,--,,,,,,,,,,,,,,,,,,,,,,,,,,,,,,,,
David,Gustafsson,,,,,,,,--,--,,,,,--,--,--,--,--,,--,--,--,--,--,--,--,--,--,--,--,--,--,--,--,--,--,--,,,,,,,,,,,,,,,,,,,,,,,,,,,,,,,,
Cole,Perfetti,,,,,,,,--,--,,,,,--,--,--,--,--,,--,--,--,--,--,--,--,--,--,--,--,--,--,--,--,--,--,--,,,,,,,,,,,,,,,,,,,,,,,,,,,,,,,,
Nino,Niederreiter,,,,,,,,86,80,,,,,83,88,88,87,88,,87,87,86,85,65,80,87,85,86,88,88,86,88,86,88,80,65,88,,,,,,,,,,,,,,,,,,,,,,,,,,,,,,,,
Blake,Wheeler,,,,,,,,90,90,,,,,87,86,87,89,87,,90,88,90,90,70,84,90,80,90,87,90,88,92,88,88,87,75,91,,,,,,,,,,,,,,,,,,,,,,,,,,,,,,,,
Sam,Gagner,,,,,,,,83,80,,,,,82,87,85,85,85,,88,84,84,84,78,80,85,84,82,85,85,82,87,84,86,83,75,85,,,,,,,,,,,,,,,,,,,,,,,,,,,,,,,,
Brenden,Dillon,,,,,,,,82,80,,,,,89,83,90,89,83,,75,75,80,87,55,88,88,67,80,83,89,75,87,75,87,89,82,89,,,,,,,,,,,,,,,,,,,,,,,,,,,,,,,,
Dylan,DeMelo,,,,,,,,80,80,,,,,85,85,87,87,85,,78,78,80,85,55,87,87,80,80,85,85,77,87,78,87,85,77,85,,,,,,,,,,,,,,,,,,,,,,,,,,,,,,,,
Adam,Lowry,,,,,,,,83,80,,,,,87,84,86,85,85,,83,83,83,89,80,87,89,80,83,85,89,83,87,83,87,88,75,89,,,,,,,,,,,,,,,,,,,,,,,,,,,,,,,,
Mark,Scheifele,,,,,,,,93,90,,,,,84,90,88,90,90,,92,90,92,89,75,82,88,87,93,90,88,90,91,92,90,85,70,87,,,,,,,,,,,,,,,,,,,,,,,,,,,,,,,,
Connor,Hellebuyck,91,90,91,91,92,90,92,87,90,87,85,93,93,90,90,85,90,90,91,,,,,,,,,,,,,,,,,,,,,,,,,,,,,,,,,,,,,,,,,,,,,,,,,,
Nate,Schmidt,,,,,,,,88,85,,,,,85,87,85,85,88,,83,79,87,86,55,85,89,85,87,87,86,79,87,81,87,85,65,85,,,,,,,,,,,,,,,,,,,,,,,,,,,,,,,,
Josh,Morrissey,,,,,,,,89,85,,,,,87,88,79,92,88,,85,82,89,89,55,88,91,80,88,88,85,82,90,84,89,87,75,85,,,,,,,,,,,,,,,,,,,,,,,,,,,,,,,,
Nikolaj,Ehlers,,,,,,,,91,85,,,,,80,82,80,87,92,,93,92,91,86,65,79,87,88,91,92,84,88,88,90,88,78,63,84,,,,,,,,,,,,,,,,,,,,,,,,,,,,,,,,
Kyle,Connor,,,,,,,,90,85,,,,,83,92,85,82,89,,92,92,92,88,70,80,88,85,92,89,87,91,88,91,90,84,70,85,,,,,,,,,,,,,,,,,,,,,,,,,,,,,,,,
Kevin,Stenlund,,,,,,,,--,--,,,,,--,--,--,--,--,,--,--,--,--,--,--,--,--,--,--,--,--,--,--,--,--,--,--,,,,,,,,,,,,,,,,,,,,,,,,,,,,,,,,
Mason,Appleton,,,,,,,,84,80,,,,,84,86,85,85,86,,85,84,84,84,70,79,87,85,84,86,88,84,88,84,87,84,70,88,,,,,,,,,,,,,,,,,,,,,,,,,,,,,,,,
Logan,Stanley,,,,,,,,78,70,,,,,88,82,85,87,84,,74,74,78,78,55,90,86,75,74,83,90,74,90,72,89,90,80,90,,,,,,,,,,,,,,,,,,,,,,,,,,,,,,,,
Pierre-Luc,Dubois,,,,,,,,87,80,,,,,88,87,85,87,87,,85,87,88,86,74,83,87,80,87,87,90,87,89,87,89,88,75,90,,,,,,,,,,,,,,,,,,,,,,,,,,,,,,,,
David,Rittich,86,87,86,85,85,85,86,85,80,84,80,86,86,87,88,83,85,88,87,,,,,,,,,,,,,,,,,,,,,,,,,,,,,,,,,,,,,,,,,,,,,,,,,,
Dylan,Samberg,,,,,,,,--,--,,,,,--,--,--,--,--,,--,--,--,--,--,--,--,--,--,--,--,--,--,--,--,--,--,--,,,,,,,,,,,,,,,,,,,,,,,,,,,,,,,,
Neal,Pionk,,,,,,,,89,85,,,,,77,89,85,88,89,,89,80,88,89,55,85,88,85,89,89,85,84,88,85,88,85,70,85,,,,,,,,,,,,,,,,,,,,,,,,,,,,,,,,
Karson,Kuhlman,,,,,,,,80,75,,,,,81,86,85,83,85,,82,80,80,80,73,78,84,84,80,85,83,80,85,80,85,82,70,83,,,,,,,,,,,,,,,,,,,,,,,,,,,,,,,,
Zack,Kassian,,,,,,,,83,80,,,,,91,--,89,86,85,,83,83,83,82,65,80,86,65,82,85,91,82,89,83,88,91,88,92,,,,,,,,,,,,,,,,,,,,,,,,,,,,,,,,
Patrik,Nemeth,,,,,,,,80,75,,,,,85,82,80,87,82,,70,70,79,85,55,87,88,70,79,82,90,75,87,75,87,88,80,90,,,,,,,,,,,,,,,,,,,,,,,,,,,,,,,,
Nick,Bjugstad,,,,,,,,84,80,,,,,85,85,82,85,85,,84,84,84,82,77,82,86,85,83,85,89,84,89,84,88,88,80,89,,,,,,,,,,,,,,,,,,,,,,,,,,,,,,,,
Travis,Boyd,,,,,,,,83,75,,,,,80,85,85,84,86,,83,80,83,84,75,77,85,84,83,86,85,80,85,81,85,78,70,85,,,,,,,,,,,,,,,,,,,,,,,,,,,,,,,,
Shayne,Gostisbehere,,,,,,,,88,80,,,,,78,88,85,81,88,,89,83,88,85,55,85,85,85,86,88,85,84,89,83,88,85,65,84,,,,,,,,,,,,,,,,,,,,,,,,,,,,,,,,
Josh,Brown,,,,,,,,77,75,,,,,88,82,85,85,82,,75,74,77,83,55,86,85,75,77,82,88,74,87,75,87,88,75,88,,,,,,,,,,,,,,,,,,,,,,,,,,,,,,,,
Nick,Ritchie,,,,,,,,85,80,,,,,88,84,83,86,85,,83,85,85,84,65,78,87,75,35,84,90,84,87,85,88,88,80,90,,,,,,,,,,,,,,,,,,,,,,,,,,,,,,,,
Nick,Schmaltz,,,,,,,,87,80,,,,,83,87,85,85,87,,87,87,87,86,70,82,87,85,88,87,86,87,87,88,86,84,72,86,,,,,,,,,,,,,,,,,,,,,,,,,,,,,,,,
Christian,Fischer,,,,,,,,83,75,,,,,85,84,85,85,85,,83,83,82,82,65,82,85,83,83,85,88,83,86,83,86,87,75,88,,,,,,,,,,,,,,,,,,,,,,,,,,,,,,,,
Lawson,Crouse,,,,,,,,81,80,,,,,88,84,85,84,86,,81,82,81,82,67,77,83,75,82,85,88,81,88,81,88,88,80,88,,,,,,,,,,,,,,,,,,,,,,,,,,,,,,,,
Karel,Vejmelka,--,--,--,--,--,--,--,--,--,--,--,--,--,--,--,--,--,--,--,,,,,,,,,,,,,,,,,,,,,,,,,,,,,,,,,,,,,,,,,,,,,,,,,,
Clayton,Keller,,,,,,,,90,80,,,,,80,90,85,85,90,,93,90,90,85,73,79,85,90,90,90,83,87,86,87,87,78,65,80,,,,,,,,,,,,,,,,,,,,,,,,,,,,,,,,
Jakob,Chychrun,,,,,,,,88,80,,,,,88,87,77,89,84,,82,82,86,88,55,88,91,80,88,84,88,82,89,83,88,88,80,88,,,,,,,,,,,,,,,,,,,,,,,,,,,,,,,,
Troy,Stecher,,,,,,,,83,80,,,,,85,88,80,87,87,,85,76,84,85,55,87,87,82,83,88,85,76,86,76,86,85,65,85,,,,,,,,,,,,,,,,,,,,,,,,,,,,,,,,
Juuso,Valimaki,,,,,,,,83,80,,,,,84,87,85,88,87,,85,80,83,85,55,86,85,82,82,87,87,78,87,79,87,85,70,87,,,,,,,,,,,,,,,,,,,,,,,,,,,,,,,,
Barrett,Hayton,,,,,,,,--,--,,,,,--,--,--,--,--,,--,--,--,--,--,--,--,--,--,--,--,--,--,--,--,--,--,--,,,,,,,,,,,,,,,,,,,,,,,,,,,,,,,,
Victor,Soderstrom,,,,,,,,83,75,,,,,80,86,85,78,84,,74,74,80,83,50,78,85,80,80,84,84,77,86,79,85,81,81,85,,,,,,,,,,,,,,,,,,,,,,,,,,,,,,,,
Matias,Maccelli,,,,,,,,--,--,,,,,--,--,--,--,--,,--,--,--,--,--,--,--,--,--,--,--,--,--,--,--,--,--,--,,,,,,,,,,,,,,,,,,,,,,,,,,,,,,,,
Mark,Stone,,,,,,,,90,90,,,,,88,87,88,89,85,,88,89,90,93,67,84,93,85,91,85,89,90,92,90,91,88,75,89,,,,,,,,,,,,,,,,,,,,,,,,,,,,,,,,
Nolan,Patrick,,,,,,,,84,75,,,,,84,86,80,85,86,,85,84,84,84,75,81,74,82,84,86,87,83,87,83,87,84,72,87,,,,,,,,,,,,,,,,,,,,,,,,,,,,,,,,
Logan,Thompson,--,--,--,--,--,--,--,--,--,--,--,--,--,--,--,--,--,--,--,,,,,,,,,,,,,,,,,,,,,,,,,,,,,,,,,,,,,,,,,,,,,,,,,,
Phil,Kessel,,,,,,,,89,85,,,,,80,86,90,85,89,,88,88,89,84,65,70,86,90,89,89,85,87,88,90,90,75,65,85,,,,,,,,,,,,,,,,,,,,,,,,,,,,,,,,
Alec,Martinez,,,,,,,,87,85,,,,,85,87,79,91,87,,80,78,87,88,55,89,89,83,87,87,87,76,88,77,87,87,75,87,,,,,,,,,,,,,,,,,,,,,,,,,,,,,,,,
Alex,Pietrangelo,,,,,,,,91,90,,,,,85,87,85,90,87,,83,83,90,92,55,90,91,83,90,87,88,84,90,85,90,87,75,90,,,,,true,,,,,,true,,,,,,,,,,,,true,true,true,,,,,,,true
Brayden,McNabb,,,,,,,,80,85,,,,,87,83,85,87,85,,78,77,80,86,55,87,87,75,80,84,88,77,88,77,87,88,80,88,,,,,,,,,,,,,,,,,,,,,,,,,,,,,,,,
Reilly,Smith,,,,,,,,87,85,,,,,83,88,85,88,88,,87,87,87,86,65,80,86,88,88,88,85,88,88,88,88,83,65,85,,,,,,,,,,,,,,,,,,,,,,,,,,,,,,,,
Byron,Froese,,,,,,,,--,--,,,,,--,--,--,--,--,,--,--,--,--,--,--,--,--,--,--,--,--,--,--,--,--,--,--,,,,,,,,,,,,,,,,,,,,,,,,,,,,,,,,
Laurent,Brossoit,87,85,87,85,86,85,87,84,80,84,80,86,87,85,87,80,83,87,86,,,,,,,,,,,,,,,,,,,,,,,,,,,,,,,,,,,,,,,,,,,,,,,,,,
William,Karlsson,,,,,,,,88,85,,,,,80,89,85,87,88,,88,88,88,87,77,84,87,90,88,89,85,88,88,88,88,82,65,85,,,,,,,,,,,,,,,,,,,,,,,,,,,,,,,,
Jonathan,Marchessault,,,,,,,,90,85,,,,,80,89,89,85,88,,92,88,90,88,74,83,88,83,9,89,82,88,88,89,88,80,65,83,,,,,,,,,,,,,,,,,,,,,,,,,,,,,,,,
Chandler,Stephenson,,,,,,,,85,80,,,,,84,85,85,85,85,,85,85,86,86,78,83,86,87,86,85,85,86,86,86,86,84,70,85,,,,,,,,,,,,,,,,,,,,,,,,,,,,,,,,
Shea,Theodore,,,,,,,,90,85,,,,,83,85,89,90,87,,85,80,89,90,55,87,88,85,90,87,87,80,90,84,90,85,70,87,,,,,,,,,,,,,,,,,,,,,,,,,,,,,,,,
William,Carrier,,,,,,,,81,80,,,,,85,86,80,83,87,,82,82,81,82,65,75,86,80,81,87,87,81,87,81,87,87,75,87,,,,,,,,,,,,,,,,,,,,,,,,,,,,,,,,
Michael,Amadio,,,,,,,,--,--,,,,,--,--,--,--,--,,--,--,--,--,--,--,--,--,--,--,--,--,--,--,--,--,--,--,,,,,,,,,,,,,,,,,,,,,,,,,,,,,,,,
Jack,Eichel,,,,,,,,93,85,,,,,84,92,85,89,92,,93,93,93,88,75,82,91,82,94,92,87,92,92,94,91,85,75,88,,,,,,,,,,,,,,,,,,,,,,,,,,,,,,,,
Keegan,Kolesar,,,,,,,,80,75,,,,,90,83,85,83,83,,80,80,80,80,70,75,85,65,80,83,90,78,87,80,87,88,85,89,,,,,,,,,,,,,,,,,,,,,,,,,,,,,,,,
Nicolas,Roy,,,,,,,,82,75,,,,,86,83,85,83,83,,82,82,82,81,77,80,84,80,81,83,88,81,87,82,86,86,75,88,,,,,,,,,,,,,,,,,,,,,,,,,,,,,,,,
Adin,Hill,85,86,85,84,85,83,86,82,75,84,81,85,85,85,85,85,85,85,85,,,,,,,,,,,,,,,,,,,,,,,,,,,,,,,,,,,,,,,,,,,,,,,,,,
Brett,Howden,,,,,,,,82,75,,,,,86,85,85,85,85,,82,82,82,80,76,84,84,80,80,85,87,81,86,82,86,88,75,86,,,,,,,,,,,,,,,,,,,,,,,,,,,,,,,,
Nicolas,Hague,,,,,,,,83,80,,,,,85,85,85,85,85,,77,77,83,85,54,88,88,80,83,85,88,78,90,78,88,87,75,88,,,,,,,,,,,,,,,,,,,,,,,,,,,,,,,,
Zach,Whitecloud,,,,,,,,78,75,,,,,85,85,85,87,77,,77,75,78,84,55,87,85,82,78,85,87,74,86,74,86,87,75,87,,,,,,,,,,,,,,,,,,,,,,,,,,,,,,,,
Paul,Cotter,,,,,,,,--,--,,,,,--,--,--,--,--,,--,--,--,--,--,--,--,--,--,--,--,--,--,--,--,--,--,--,,,,,,,,,,,,,,,,,,,,,,,,,,,,,,,,
Joonas,Donskoi,,,,,,,,85,80,,,,,85,87,83,85,88,,85,85,85,87,67,84,87,90,85,88,85,85,87,85,86,85,70,85,,,,,,,,,,,,,,,,,,,,,,,,,,,,,,,,
Andre,Burakovsky,,,,,,,,87,80,,,,,80,88,88,84,89,,88,87,87,85,65,75,86,90,87,89,85,85,87,86,87,80,68,85,,,,,,,,,,,,,,,,,,,,,,,,,,,,,,,,
Chris,Driedger,87,87,87,87,87,85,87,82,80,83,82,87,87,87,87,80,85,87,87,,,,,,,,,,,,,,,,,,,,,,,,,,,,,,,,,,,,,,,,,,,,,,,,,,
Jordan,Eberle,,,,,,,,89,80,,,,,80,91,88,87,85,,93,90,89,85,65,77,85,86,89,88,84,87,90,89,87,80,65,84,,,,,,,,,,,,,,,,,,,,,,,,,,,,,,,,
Justin,Schultz,,,,,,,,89,85,,,,,80,88,70,89,88,,88,86,87,87,55,86,88,90,88,88,87,82,88,83,88,82,65,88,,,,,,,,,,,,,,,,,,,,,,,,,,,,,,,,
Martin,Jones,85,84,85,85,85,84,85,85,80,87,85,83,85,86,87,85,88,87,86,,,,,,,,,,,,,,,,,,,,,,,,,,,,,,,,,,,,,,,,,,,,,,,,,,
Jaden,Schwartz,,,,,,,,90,85,,,,,82,89,81,88,89,,90,90,90,86,71,84,87,84,87,90,85,87,89,87,88,80,65,85,,,,,,,,,,,,,,,,,,,,,,,,,,,,,,,,
Philipp,Grubauer,89,88,89,89,89,88,89,83,85,84,80,89,89,87,89,85,85,89,88,,,,,,,,,,,,,,,,,,,,,,,,,,,,,,,,,,,,,,,,,,,,,,,,,,
Adam,Larsson,,,,,,,,85,80,,,,,85,85,89,91,86,,80,78,83,89,55,90,88,75,83,86,88,78,87,80,87,88,70,88,,,,,,,,,,,,,,,,,,,,,,,,,,,,,,,,
Jamie,Oleksiak,,,,,,,,81,75,,,,,88,82,85,87,83,,75,70,80,86,55,90,90,85,79,83,94,74,90,78,90,90,85,94,,,,,,,,,,,,,,,,,,,,,,,,,,,,,,,,
Yanni,Gourde,,,,,,,,87,80,,,,,85,88,90,87,88,,88,87,87,87,79,83,86,80,87,88,86,86,88,87,88,86,65,86,,,,,,,,,,,,,,,,,,,,,,,,,,,,,,,,
Jaycob,Megna,,,,,,,,--,--,,,,,--,--,--,--,--,,--,--,--,--,--,--,--,--,--,--,--,--,--,--,--,--,--,--,,,,,,,,,,,,,,,,,,,,,,,,,,,,,,,,
Carson,Soucy,,,,,,,,82,80,,,,,87,83,85,87,83,,75,75,81,84,55,88,87,70,80,83,89,76,88,77,88,89,80,89,,,,,,,,,,,,,,,,,,,,,,,,,,,,,,,,
Oliver,Bjorkstrand,,,,,,,,88,80,,,,,84,91,90,83,91,,91,87,89,87,65,78,85,95,89,91,84,87,88,87,88,80,65,84,,,,,,,,,,,,,,,,,,,,,,,,,,,,,,,,
Alex,Wennberg,,,,,,,,85,80,,,,,81,87,85,85,89,,85,85,85,85,76,80,86,95,85,89,85,85,86,86,85,81,65,85,,,,,,,,,,,,,,,,,,,,,,,,,,,,,,,,
Jared,McCann,,,,,,,,85,80,,,,,83,87,85,85,90,,87,85,85,86,76,80,85,83,86,90,85,85,90,85,90,83,68,85,,,,,,,,,,,,,,,,,,,,,,,,,,,,,,,,
Ryan,Donato,,,,,,,,85,80,,,,,82,86,83,85,86,,85,85,85,84,70,81,85,85,84,86,83,85,87,85,87,82,70,83,,,,,,,,,,,,,,,,,,,,,,,,,,,,,,,,
Vince,Dunn,,,,,,,,86,80,,,,,84,88,88,87,88,,83,80,86,87,55,87,86,80,85,88,85,78,87,79,87,83,70,85,,,,,,,,,,,,,,,,,,,,,,,,,,,,,,,,
Daniel,Sprong,,,,,,,,85,75,,,,,75,87,90,83,87,,87,85,85,82,65,75,83,87,85,87,85,84,87,84,87,75,65,85,,,,,,,,,,,,,,,,,,,,,,,,,,,,,,,,
Will,Borgen,,,,,,,,75,70,,,,,87,82,85,85,83,,73,70,74,80,60,85,82,80,70,83,86,75,85,70,84,85,75,87,,,,,,,,,,,,,,,,,,,,,,,,,,,,,,,,
Brandon,Tanev,,,,,,,,83,80,,,,,88,86,85,85,87,,83,83,83,86,65,85,87,80,83,87,87,83,87,83,87,90,75,87,,,,,,,,,,,,,,,,,,,,,,,,,,,,,,,,
Cale,Fleury,,,,,,,,--,--,,,,,--,--,--,--,--,,--,--,--,--,--,--,--,--,--,--,--,--,--,--,--,--,--,--,,,,,,,,,,,,,,,,,,,,,,,,,,,,,,,,
Morgan,Geekie,,,,,,,,84,75,,,,,84,84,85,83,84,,84,82,84,83,77,75,87,80,84,83,88,83,88,84,87,84,70,88,,,,,,,,,,,,,,,,,,,,,,,,,,,,,,,,
Eeli,Tolvanen,,,,,,,,86,75,,,,,77,89,85,85,85,,89,88,87,84,65,75,86,90,87,85,85,86,89,87,89,77,65,85,,,,,,,,,,,,,,,,,,,,,,,,,,,,,,,,